Title,Grape,Country,Region,Style,Price,Type,Characteristics,Description,ABV,Vintage,Availability,Collection,RecommendationEnabled,SourcePriceUSD,PriceStatus,SourceURL,SourceType,DataQuality,Notes
Gérard Bertrand 2023 An 560 Héritage Tautavel Red Blend,"Grenache, Syrah & Carignan",France,Côtes du Roussillon Villages Tautavel,Medium-Bodied & Fruity,£15.80 per bottle,Red,"Blackberry, licorice, incense, dark fruit, warm spice","Medium-Bodied & Fruity red from Côtes du Roussillon Villages Tautavel, France, with blackberry, licorice, incense, dark fruit, warm spice.",15%,2023,Retail stock not verified,Wine Enthusiast 2026 Best Buys,True,$20.00,2026 published review price,https://www.wineenthusiast.com/toplists/best-buys-2026/,Wine Enthusiast editorial Top 100 list,Published price/ABV/variety; style and description summarized,2026 Best Buys rank #1; GBP estimate uses fixed 0.79 USD factor; availability not verified
Cantine Volpi 2024 Cascina La Zerba Barbera,Barbera,Italy,Colli Tortonesi,Medium-Bodied & Fruity,£15.80 per bottle,Red,"Plum, dark berries, bright acidity, juicy fruit","Medium-Bodied & Fruity red from Colli Tortonesi, Italy, with plum, dark berries, bright acidity, juicy fruit.",14%,2024,Retail stock not verified,Wine Enthusiast 2026 Best Buys,True,$20.00,2026 published review price,https://www.wineenthusiast.com/toplists/best-buys-2026/,Wine Enthusiast editorial Top 100 list,Published price/ABV/variety; style and description summarized,2026 Best Buys rank #2; GBP estimate uses fixed 0.79 USD factor; availability not verified
Rieslingfreak 2025 No. 55 Riesling,Riesling,Australia,Clare Valley,Off-Dry & Aromatic,£15.80 per bottle,White,"Honeyed lime, white peach, lavender, orchard blossom","Off-Dry & Aromatic white from Clare Valley, Australia, with honeyed lime, white peach, lavender, orchard blossom.",9%,2025,Retail stock not verified,Wine Enthusiast 2026 Best Buys,True,$20.00,2026 published review price,https://www.wineenthusiast.com/toplists/best-buys-2026/,Wine Enthusiast editorial Top 100 list,Published price/ABV/variety; style and description summarized,2026 Best Buys rank #3; GBP estimate uses fixed 0.79 USD factor; availability not verified
Brotte 2025 Bord Élégance Rhône-Style White Blend,Rhône-style white blend (composition not listed),France,Laudun,Fresh & Aromatic,£15.80 per bottle,White,"Orchard fruit, white rose, bergamot, mineral notes","Fresh & Aromatic white from Laudun, France, with orchard fruit, white rose, bergamot, mineral notes.",13.5%,2025,Retail stock not verified,Wine Enthusiast 2026 Best Buys,True,$20.00,2026 published review price,https://www.wineenthusiast.com/toplists/best-buys-2026/,Wine Enthusiast editorial Top 100 list,Published price/ABV/variety; style and description summarized,2026 Best Buys rank #4; GBP estimate uses fixed 0.79 USD factor; availability not verified
Noble Vines 2025 242 Sauvignon Blanc,Sauvignon Blanc,USA,California,Light & Crisp,£9.48 per bottle,White,"Citrus, melon, guava, mineral notes","Light & Crisp white from California, USA, with citrus, melon, guava, mineral notes.",13.5%,2025,Retail stock not verified,Wine Enthusiast 2026 Best Buys,True,$12.00,2026 published review price,https://www.wineenthusiast.com/toplists/best-buys-2026/,Wine Enthusiast editorial Top 100 list,Published price/ABV/variety; style and description summarized,2026 Best Buys rank #5; GBP estimate uses fixed 0.79 USD factor; availability not verified
Bosio 2025 Nebbiolo,Nebbiolo,Italy,Langhe,Medium-to-Full-Bodied,£14.22 per bottle,Red,"Raspberry, rose, fresh red fruit, bright acidity","Medium-to-Full-Bodied red from Langhe, Italy, with raspberry, rose, fresh red fruit, bright acidity.",13.5%,2025,Retail stock not verified,Wine Enthusiast 2026 Best Buys,True,$18.00,2026 published review price,https://www.wineenthusiast.com/toplists/best-buys-2026/,Wine Enthusiast editorial Top 100 list,Published price/ABV/variety; style and description summarized,2026 Best Buys rank #6; GBP estimate uses fixed 0.79 USD factor; availability not verified
Navigator 2025 Sauvignon Blanc,Sauvignon Blanc,USA,North Coast,Light & Crisp,£14.22 per bottle,White,"Green apple, guava, lime, citrus blossom, white tea","Light & Crisp white from North Coast, USA, with green apple, guava, lime, citrus blossom, white tea.",13.5%,2025,Retail stock not verified,Wine Enthusiast 2026 Best Buys,True,$18.00,2026 published review price,https://www.wineenthusiast.com/toplists/best-buys-2026/,Wine Enthusiast editorial Top 100 list,Published price/ABV/variety; style and description summarized,2026 Best Buys rank #7; GBP estimate uses fixed 0.79 USD factor; availability not verified
Ramón Bilbao 2020 Edición Limitada Garnacha,Garnacha (Grenache),Spain,Rioja,Medium-Bodied & Fruity,£15.80 per bottle,Red,"Raspberry, plum, spiced cocoa, chocolate mint, tobacco","Medium-Bodied & Fruity red from Rioja, Spain, with raspberry, plum, spiced cocoa, chocolate mint, tobacco.",14.5%,2020,Retail stock not verified,Wine Enthusiast 2026 Best Buys,True,$20.00,2026 published review price,https://www.wineenthusiast.com/toplists/best-buys-2026/,Wine Enthusiast editorial Top 100 list,Published price/ABV/variety; style and description summarized,2026 Best Buys rank #8; GBP estimate uses fixed 0.79 USD factor; availability not verified
Abacela 2025 Rosé Grenache,Grenache,USA,Umpqua Valley,Fruity & Crisp,£15.80 per bottle,Rosé,"Red apple, rhubarb, saline minerality, wet slate","Fruity & Crisp rosé from Umpqua Valley, USA, with red apple, rhubarb, saline minerality, wet slate.",13.9%,2025,Retail stock not verified,Wine Enthusiast 2026 Best Buys,True,$20.00,2026 published review price,https://www.wineenthusiast.com/toplists/best-buys-2026/,Wine Enthusiast editorial Top 100 list,Published price/ABV/variety; style and description summarized,2026 Best Buys rank #9; GBP estimate uses fixed 0.79 USD factor; availability not verified
Feudo Maccari 2024 Olli Grillo Grillo,Grillo,Italy,Sicilia,Light & Crisp,£14.22 per bottle,White,"Pink grapefruit, wild herbs, toasted nuts, saline citrus","Light & Crisp white from Sicilia, Italy, with pink grapefruit, wild herbs, toasted nuts, saline citrus.",12.5%,2024,Retail stock not verified,Wine Enthusiast 2026 Best Buys,True,$18.00,2026 published review price,https://www.wineenthusiast.com/toplists/best-buys-2026/,Wine Enthusiast editorial Top 100 list,Published price/ABV/variety; style and description summarized,2026 Best Buys rank #10; GBP estimate uses fixed 0.79 USD factor; availability not verified
Muri-Gries 2024 Chardonnay,Chardonnay,Italy,Alto Adige,Medium-Bodied & Fruity,£15.80 per bottle,White,"Orchard fruit, mineral notes, fresh apple, stone","Medium-Bodied & Fruity white from Alto Adige, Italy, with orchard fruit, mineral notes, fresh apple, stone.",13.3%,2024,Retail stock not verified,Wine Enthusiast 2026 Best Buys,True,$20.00,2026 published review price,https://www.wineenthusiast.com/toplists/best-buys-2026/,Wine Enthusiast editorial Top 100 list,Published price/ABV/variety; style and description summarized,2026 Best Buys rank #11; GBP estimate uses fixed 0.79 USD factor; availability not verified
Viña Leyda 2025 Coastal Vineyards Garuma Sauvignon Blanc,Sauvignon Blanc,Chile,Leyda Valley,Light & Crisp,£15.80 per bottle,White,"Key lime, salty citrus, herbs, white pepper","Light & Crisp white from Leyda Valley, Chile, with key lime, salty citrus, herbs, white pepper.",13%,2025,Retail stock not verified,Wine Enthusiast 2026 Best Buys,True,$20.00,2026 published review price,https://www.wineenthusiast.com/toplists/best-buys-2026/,Wine Enthusiast editorial Top 100 list,Published price/ABV/variety; style and description summarized,2026 Best Buys rank #12; GBP estimate uses fixed 0.79 USD factor; availability not verified
Domaine Maby 2024 La Forcadière Rosé,Rosé blend (composition not listed),France,Tavel,Structured & Fruity,£15.80 per bottle,Rosé,"Red cherry, crushed berries, structured rosé","Structured & Fruity rosé from Tavel, France, with red cherry, crushed berries, structured rosé.",14.5%,2024,Retail stock not verified,Wine Enthusiast 2026 Best Buys,True,$20.00,2026 published review price,https://www.wineenthusiast.com/toplists/best-buys-2026/,Wine Enthusiast editorial Top 100 list,Published price/ABV/variety; style and description summarized,2026 Best Buys rank #13; GBP estimate uses fixed 0.79 USD factor; availability not verified
Hermanos del Villar 2025 Oro de Castilla Sauvignon Blanc,Sauvignon Blanc,Spain,Rueda,Light & Crisp,£15.80 per bottle,White,"Bosc pear, acacia, orange blossom, forest floor","Light & Crisp white from Rueda, Spain, with bosc pear, acacia, orange blossom, forest floor.",13%,2025,Retail stock not verified,Wine Enthusiast 2026 Best Buys,True,$20.00,2026 published review price,https://www.wineenthusiast.com/toplists/best-buys-2026/,Wine Enthusiast editorial Top 100 list,Published price/ABV/variety; style and description summarized,2026 Best Buys rank #14; GBP estimate uses fixed 0.79 USD factor; availability not verified
"Masi 2022 Campofiorin Corvina, Rondinella, Molinara","Corvina, Rondinella & Molinara",Italy,Rosso del Veronese,Medium-Bodied & Fruity,£19.75 per bottle,Red,"Black plum, dark berries, violet, rounded structure","Medium-Bodied & Fruity red from Rosso del Veronese, Italy, with black plum, dark berries, violet, rounded structure.",13%,2022,Retail stock not verified,Wine Enthusiast 2026 Best Buys,True,$25.00,2026 published review price,https://www.wineenthusiast.com/toplists/best-buys-2026/,Wine Enthusiast editorial Top 100 list,Published price/ABV/variety; style and description summarized,2026 Best Buys rank #15; GBP estimate uses fixed 0.79 USD factor; availability not verified; exceptionally $25 despite $20 headline
Domaine Sipp-Mack 2023 Pinot Noir Vieilles Vignes,Pinot Noir,France,Alsace,Light & Elegant,£12.64 per bottle,Red,"Rosehip, hibiscus tea, fine tannins, floral notes","Light & Elegant red from Alsace, France, with rosehip, hibiscus tea, fine tannins, floral notes.",13%,2023,Retail stock not verified,Wine Enthusiast 2026 Best Buys,True,$16.00,2026 published review price,https://www.wineenthusiast.com/toplists/best-buys-2026/,Wine Enthusiast editorial Top 100 list,Published price/ABV/variety; style and description summarized,2026 Best Buys rank #16; GBP estimate uses fixed 0.79 USD factor; availability not verified
Fox Run Vineyards 2024 Silvan Riesling,Riesling,USA,Seneca Lake,Fresh & Aromatic,£15.80 per bottle,White,"Lime, nectarine, spiced honey, brisk acidity","Fresh & Aromatic white from Seneca Lake, USA, with lime, nectarine, spiced honey, brisk acidity.",12.5%,2024,Retail stock not verified,Wine Enthusiast 2026 Best Buys,True,$20.00,2026 published review price,https://www.wineenthusiast.com/toplists/best-buys-2026/,Wine Enthusiast editorial Top 100 list,Published price/ABV/variety; style and description summarized,2026 Best Buys rank #17; GBP estimate uses fixed 0.79 USD factor; availability not verified
Bodegas Montecillo 2021 Reserva Tempranillo,Tempranillo,Spain,Rioja,Medium-to-Full-Bodied,£15.01 per bottle,Red,"Dark fruit, coffee, toffee, vanilla, tobacco","Medium-to-Full-Bodied red from Rioja, Spain, with dark fruit, coffee, toffee, vanilla, tobacco.",13.5%,2021,Retail stock not verified,Wine Enthusiast 2026 Best Buys,True,$19.00,2026 published review price,https://www.wineenthusiast.com/toplists/best-buys-2026/,Wine Enthusiast editorial Top 100 list,Published price/ABV/variety; style and description summarized,2026 Best Buys rank #18; GBP estimate uses fixed 0.79 USD factor; availability not verified
Bodegas Sierra Salinas 2022 Mira Salinas Monastrell,Monastrell (Mourvèdre),Spain,Alicante,Full-Bodied,£15.80 per bottle,Red,"Black raspberry, dark chocolate, cassis, black plum","Full-Bodied red from Alicante, Spain, with black raspberry, dark chocolate, cassis, black plum.",15.5%,2022,Retail stock not verified,Wine Enthusiast 2026 Best Buys,True,$20.00,2026 published review price,https://www.wineenthusiast.com/toplists/best-buys-2026/,Wine Enthusiast editorial Top 100 list,Published price/ABV/variety; style and description summarized,2026 Best Buys rank #19; GBP estimate uses fixed 0.79 USD factor; availability not verified
Ironstone 2023 Cabernet Sauvignon,Cabernet Sauvignon,USA,Lodi,Full-Bodied,£11.06 per bottle,Red,"Blackberry, boysenberry, vanilla, coffee, baking spice","Full-Bodied red from Lodi, USA, with blackberry, boysenberry, vanilla, coffee, baking spice.",14.5%,2023,Retail stock not verified,Wine Enthusiast 2026 Best Buys,True,$14.00,2026 published review price,https://www.wineenthusiast.com/toplists/best-buys-2026/,Wine Enthusiast editorial Top 100 list,Published price/ABV/variety; style and description summarized,2026 Best Buys rank #20; GBP estimate uses fixed 0.79 USD factor; availability not verified
Domaine des Escaravailles 2023 Rhône-Style Red Blend,Rhône-style red blend (composition not listed),France,Rasteau,Medium-Bodied & Fruity,£14.22 per bottle,Red,"Violet, white pepper, blackberry, black cherry","Medium-Bodied & Fruity red from Rasteau, France, with violet, white pepper, blackberry, black cherry.",14%,2023,Retail stock not verified,Wine Enthusiast 2026 Best Buys,True,$18.00,2026 published review price,https://www.wineenthusiast.com/toplists/best-buys-2026/,Wine Enthusiast editorial Top 100 list,Published price/ABV/variety; style and description summarized,2026 Best Buys rank #21; GBP estimate uses fixed 0.79 USD factor; availability not verified
Planeta 2024 La Segreta Grillo,Grillo,Italy,Sicilia,Light & Crisp,£15.80 per bottle,White,"White peach, honeydew, green apple, almond","Light & Crisp white from Sicilia, Italy, with white peach, honeydew, green apple, almond.",12.5%,2024,Retail stock not verified,Wine Enthusiast 2026 Best Buys,True,$20.00,2026 published review price,https://www.wineenthusiast.com/toplists/best-buys-2026/,Wine Enthusiast editorial Top 100 list,Published price/ABV/variety; style and description summarized,2026 Best Buys rank #22; GBP estimate uses fixed 0.79 USD factor; availability not verified
Eguren Ugarte 2017 Cincuenta Tempranillo,Tempranillo,Spain,Rioja,Medium-to-Full-Bodied,£14.22 per bottle,Red,"Mixed cherries, oak spice, savory notes, caramel","Medium-to-Full-Bodied red from Rioja, Spain, with mixed cherries, oak spice, savory notes, caramel.",14.5%,2017,Retail stock not verified,Wine Enthusiast 2026 Best Buys,True,$18.00,2026 published review price,https://www.wineenthusiast.com/toplists/best-buys-2026/,Wine Enthusiast editorial Top 100 list,Published price/ABV/variety; style and description summarized,2026 Best Buys rank #23; GBP estimate uses fixed 0.79 USD factor; availability not verified
Gearbox 2025 Chardonnay,Chardonnay,USA,California,Medium-Bodied & Fruity,£14.22 per bottle,White,"Pink lady apple, asian pear, allspice, toasted oak","Medium-Bodied & Fruity white from California, USA, with pink lady apple, asian pear, allspice, toasted oak.",13.5%,2025,Retail stock not verified,Wine Enthusiast 2026 Best Buys,True,$18.00,2026 published review price,https://www.wineenthusiast.com/toplists/best-buys-2026/,Wine Enthusiast editorial Top 100 list,Published price/ABV/variety; style and description summarized,2026 Best Buys rank #24; GBP estimate uses fixed 0.79 USD factor; availability not verified
Bodegas Franco Españolas 2019 Bordón Reserva Tempranillo,Tempranillo,Spain,Rioja,Medium-to-Full-Bodied,£15.80 per bottle,Red,"Brandied cherry, raspberry, cigar box, baking spice","Medium-to-Full-Bodied red from Rioja, Spain, with brandied cherry, raspberry, cigar box, baking spice.",14%,2019,Retail stock not verified,Wine Enthusiast 2026 Best Buys,True,$20.00,2026 published review price,https://www.wineenthusiast.com/toplists/best-buys-2026/,Wine Enthusiast editorial Top 100 list,Published price/ABV/variety; style and description summarized,2026 Best Buys rank #25; GBP estimate uses fixed 0.79 USD factor; availability not verified
Domaine La Bouïssière 2023 Rhône-Style Red Blend,Rhône-style red blend (composition not listed),France,Vacqueyras,Medium-Bodied & Fruity,£14.22 per bottle,Red,"Red berry, black plum, dried herbs, licorice","Medium-Bodied & Fruity red from Vacqueyras, France, with red berry, black plum, dried herbs, licorice.",15%,2023,Retail stock not verified,Wine Enthusiast 2026 Best Buys,True,$18.00,2026 published review price,https://www.wineenthusiast.com/toplists/best-buys-2026/,Wine Enthusiast editorial Top 100 list,Published price/ABV/variety; style and description summarized,2026 Best Buys rank #26; GBP estimate uses fixed 0.79 USD factor; availability not verified
Vinos Atlántico 2021 Ludovicus Garnacha,Garnacha (Grenache),Spain,Terra Alta,Medium-Bodied & Fruity,£14.22 per bottle,Red,"Strawberry, raspberry, white flowers, bay leaf, pink peppercorn","Medium-Bodied & Fruity red from Terra Alta, Spain, with strawberry, raspberry, white flowers, bay leaf, pink peppercorn.",14.5%,2021,Retail stock not verified,Wine Enthusiast 2026 Best Buys,True,$18.00,2026 published review price,https://www.wineenthusiast.com/toplists/best-buys-2026/,Wine Enthusiast editorial Top 100 list,Published price/ABV/variety; style and description summarized,2026 Best Buys rank #27; GBP estimate uses fixed 0.79 USD factor; availability not verified
Huia 2025 Sauvignon Blanc,Sauvignon Blanc,New Zealand,Marlborough,Light & Crisp,£15.80 per bottle,White,"Tropical fruit, citrus, fresh herbs, flinty mineral","Light & Crisp white from Marlborough, New Zealand, with tropical fruit, citrus, fresh herbs, flinty mineral.",13.5%,2025,Retail stock not verified,Wine Enthusiast 2026 Best Buys,True,$20.00,2026 published review price,https://www.wineenthusiast.com/toplists/best-buys-2026/,Wine Enthusiast editorial Top 100 list,Published price/ABV/variety; style and description summarized,2026 Best Buys rank #28; GBP estimate uses fixed 0.79 USD factor; availability not verified
Bodega Bideona 2023 Cabezadas Viura,Viura,Spain,Rioja,Light & Crisp,£15.80 per bottle,White,"Flint, grapefruit, crisp apple, nectarine, salted lemon","Light & Crisp white from Rioja, Spain, with flint, grapefruit, crisp apple, nectarine, salted lemon.",12%,2023,Retail stock not verified,Wine Enthusiast 2026 Best Buys,True,$20.00,2026 published review price,https://www.wineenthusiast.com/toplists/best-buys-2026/,Wine Enthusiast editorial Top 100 list,Published price/ABV/variety; style and description summarized,2026 Best Buys rank #29; GBP estimate uses fixed 0.79 USD factor; availability not verified
Skull Wines 2023 Skull Red Red Blend,Red blend (composition not listed),USA,California,Medium-Bodied & Fruity,£15.80 per bottle,Red,"Raspberry, wild strawberry, cranberry, blood orange","Medium-Bodied & Fruity red from California, USA, with raspberry, wild strawberry, cranberry, blood orange.",12.5%,2023,Retail stock not verified,Wine Enthusiast 2026 Best Buys,True,$20.00,2026 published review price,https://www.wineenthusiast.com/toplists/best-buys-2026/,Wine Enthusiast editorial Top 100 list,Published price/ABV/variety; style and description summarized,2026 Best Buys rank #30; GBP estimate uses fixed 0.79 USD factor; availability not verified
Bodegas Faustino 2020 V Reserva Tempranillo-Mazuelo,Tempranillo & Mazuelo,Spain,Rioja,Medium-to-Full-Bodied,£14.21 per bottle,Red,"Fig, baked plum, cherry, fennel, black olive","Medium-to-Full-Bodied red from Rioja, Spain, with fig, baked plum, cherry, fennel, black olive.",14%,2020,Retail stock not verified,Wine Enthusiast 2026 Best Buys,True,$17.99,2026 published review price,https://www.wineenthusiast.com/toplists/best-buys-2026/,Wine Enthusiast editorial Top 100 list,Published price/ABV/variety; style and description summarized,2026 Best Buys rank #31; GBP estimate uses fixed 0.79 USD factor; availability not verified
Bodegas Alto Moncayo 2023 Zismero Garnacha,Garnacha (Grenache),Spain,Campo de Borja,Medium-Bodied & Fruity,£15.80 per bottle,Red,"Red fruit, currant, spice, floral lift","Medium-Bodied & Fruity red from Campo de Borja, Spain, with red fruit, currant, spice, floral lift.",15%,2023,Retail stock not verified,Wine Enthusiast 2026 Best Buys,True,$20.00,2026 published review price,https://www.wineenthusiast.com/toplists/best-buys-2026/,Wine Enthusiast editorial Top 100 list,Published price/ABV/variety; style and description summarized,2026 Best Buys rank #32; GBP estimate uses fixed 0.79 USD factor; availability not verified
Ramos Reserva 2024 Syrah-Tempranillo,Syrah & Tempranillo,Portugal,Alentejano,Medium-to-Full-Bodied,£11.06 per bottle,Red,"Blackberry, fresh acidity, ripe red fruit, smooth finish","Medium-to-Full-Bodied red from Alentejano, Portugal, with blackberry, fresh acidity, ripe red fruit, smooth finish.",13.5%,2024,Retail stock not verified,Wine Enthusiast 2026 Best Buys,True,$14.00,2026 published review price,https://www.wineenthusiast.com/toplists/best-buys-2026/,Wine Enthusiast editorial Top 100 list,Published price/ABV/variety; style and description summarized,2026 Best Buys rank #33; GBP estimate uses fixed 0.79 USD factor; availability not verified
Georges Duboeuf 2024 Gamay,Gamay,France,Beaujolais-Villages,Light & Elegant,£14.22 per bottle,Red,"Blackberry, black plum, raspberry, brioche","Light & Elegant red from Beaujolais-Villages, France, with blackberry, black plum, raspberry, brioche.",12.5%,2024,Retail stock not verified,Wine Enthusiast 2026 Best Buys,True,$18.00,2026 published review price,https://www.wineenthusiast.com/toplists/best-buys-2026/,Wine Enthusiast editorial Top 100 list,Published price/ABV/variety; style and description summarized,2026 Best Buys rank #34; GBP estimate uses fixed 0.79 USD factor; availability not verified
Castello di Albola 2023 Sangiovese,Sangiovese,Italy,Chianti Classico,Medium-Bodied & Fruity,£12.64 per bottle,Red,"Blackberry, black plum, earth, leather, spice","Medium-Bodied & Fruity red from Chianti Classico, Italy, with blackberry, black plum, earth, leather, spice.",13.5%,2023,Retail stock not verified,Wine Enthusiast 2026 Best Buys,True,$16.00,2026 published review price,https://www.wineenthusiast.com/toplists/best-buys-2026/,Wine Enthusiast editorial Top 100 list,Published price/ABV/variety; style and description summarized,2026 Best Buys rank #35; GBP estimate uses fixed 0.79 USD factor; availability not verified
Cramele Recas 2023 Amber Natural Wine Dry White Blend,Dry white blend (composition not listed),Romania,Romania,Fresh & Aromatic,£11.85 per bottle,White,"Blood orange, red cherry, cherry blossom, tangy acidity","Fresh & Aromatic white from Romania, Romania, with blood orange, red cherry, cherry blossom, tangy acidity.",12.5%,2023,Retail stock not verified,Wine Enthusiast 2026 Best Buys,True,$15.00,2026 published review price,https://www.wineenthusiast.com/toplists/best-buys-2026/,Wine Enthusiast editorial Top 100 list,Published price/ABV/variety; style and description summarized,2026 Best Buys rank #36; GBP estimate uses fixed 0.79 USD factor; availability not verified
Ancient Peaks Winery 2024 Chardonnay,Chardonnay,USA,Santa Margarita Ranch,Medium-Bodied & Fruity,£15.80 per bottle,White,"Melon, tropical fruit, wet stone, floral notes","Medium-Bodied & Fruity white from Santa Margarita Ranch, USA, with melon, tropical fruit, wet stone, floral notes.",14.1%,2024,Retail stock not verified,Wine Enthusiast 2026 Best Buys,True,$20.00,2026 published review price,https://www.wineenthusiast.com/toplists/best-buys-2026/,Wine Enthusiast editorial Top 100 list,Published price/ABV/variety; style and description summarized,2026 Best Buys rank #37; GBP estimate uses fixed 0.79 USD factor; availability not verified
Thistledown 2023 Gorgeous Shiraz,Shiraz,Australia,South Australia,Full-Bodied,£14.22 per bottle,Red,"Spiced berries, ripe plum, savory herbs","Full-Bodied red from South Australia, Australia, with spiced berries, ripe plum, savory herbs.",14%,2023,Retail stock not verified,Wine Enthusiast 2026 Best Buys,True,$18.00,2026 published review price,https://www.wineenthusiast.com/toplists/best-buys-2026/,Wine Enthusiast editorial Top 100 list,Published price/ABV/variety; style and description summarized,2026 Best Buys rank #38; GBP estimate uses fixed 0.79 USD factor; availability not verified
Birichino 2024 Vin Gris Grenache Blend,"72% Grenache, 10% Mourvèdre, 10% Carignane, 4% Vermentino, 4% Cinsault",USA,Central Coast,Fruity & Crisp,£14.22 per bottle,Rosé,"Cherry, orange sherbet, chalky fruit candy","Fruity & Crisp rosé from Central Coast, USA, with cherry, orange sherbet, chalky fruit candy.",13%,2024,Retail stock not verified,Wine Enthusiast 2026 Best Buys,True,$18.00,2026 published review price,https://www.wineenthusiast.com/toplists/best-buys-2026/,Wine Enthusiast editorial Top 100 list,Published price/ABV/variety; style and description summarized,2026 Best Buys rank #39; GBP estimate uses fixed 0.79 USD factor; availability not verified
SeaGlass 2024 Sauvignon Blanc,Sauvignon Blanc,USA,Central Coast,Light & Crisp,£10.27 per bottle,White,"Honeydew, lime peel, green apple, chalky minerality","Light & Crisp white from Central Coast, USA, with honeydew, lime peel, green apple, chalky minerality.",13.5%,2024,Retail stock not verified,Wine Enthusiast 2026 Best Buys,True,$13.00,2026 published review price,https://www.wineenthusiast.com/toplists/best-buys-2026/,Wine Enthusiast editorial Top 100 list,Published price/ABV/variety; style and description summarized,2026 Best Buys rank #40; GBP estimate uses fixed 0.79 USD factor; availability not verified
Idlewild 2024 Flora and Fauna White Blend,White blend (composition not listed),USA,North Coast,Fresh & Aromatic,£15.80 per bottle,White,"White nectarine, grapefruit, honeysuckle, fennel","Fresh & Aromatic white from North Coast, USA, with white nectarine, grapefruit, honeysuckle, fennel.",11.9%,2024,Retail stock not verified,Wine Enthusiast 2026 Best Buys,True,$20.00,2026 published review price,https://www.wineenthusiast.com/toplists/best-buys-2026/,Wine Enthusiast editorial Top 100 list,Published price/ABV/variety; style and description summarized,2026 Best Buys rank #41; GBP estimate uses fixed 0.79 USD factor; availability not verified
Domaine Clavel 2023 Syrius Rhône-Style Red Blend,Rhône-style red blend (composition not listed),France,Côtes du Rhône Villages Saint-Gervais,Medium-Bodied & Fruity,£15.80 per bottle,Red,"Black cherry, mint, dried field grass, violet","Medium-Bodied & Fruity red from Côtes du Rhône Villages Saint-Gervais, France, with black cherry, mint, dried field grass, violet.",14.5%,2023,Retail stock not verified,Wine Enthusiast 2026 Best Buys,True,$20.00,2026 published review price,https://www.wineenthusiast.com/toplists/best-buys-2026/,Wine Enthusiast editorial Top 100 list,Published price/ABV/variety; style and description summarized,2026 Best Buys rank #42; GBP estimate uses fixed 0.79 USD factor; availability not verified
Mark Hill 2024 Pinot Noir,Pinot Noir,USA,California,Light & Elegant,£6.32 per bottle,Red,"Dark berry, citrus, baking spice, toasty oak","Light & Elegant red from California, USA, with dark berry, citrus, baking spice, toasty oak.",13.8%,2024,Retail stock not verified,Wine Enthusiast 2026 Best Buys,True,$8.00,2026 published review price,https://www.wineenthusiast.com/toplists/best-buys-2026/,Wine Enthusiast editorial Top 100 list,Published price/ABV/variety; style and description summarized,2026 Best Buys rank #43; GBP estimate uses fixed 0.79 USD factor; availability not verified
DeLoach Vineyards 2023 CSWA Chardonnay,Chardonnay,USA,California,Medium-Bodied & Fruity,£11.06 per bottle,White,"Strawberry, lingonberry, toasted oak, cardamom","Medium-Bodied & Fruity white from California, USA, with strawberry, lingonberry, toasted oak, cardamom.",13.5%,2023,Retail stock not verified,Wine Enthusiast 2026 Best Buys,True,$14.00,2026 published review price,https://www.wineenthusiast.com/toplists/best-buys-2026/,Wine Enthusiast editorial Top 100 list,Published price/ABV/variety; style and description summarized,2026 Best Buys rank #44; GBP estimate uses fixed 0.79 USD factor; availability not verified; source review describes red fruit and tannins atypical for Chardonnay: check product before matching
Ultraviolet 2023 Mattern Vineyard Zinfandel,Zinfandel,USA,Mendocino County,Full-Bodied,£12.64 per bottle,Red,"Blackberry, blueberry, baking spice, flowers","Full-Bodied red from Mendocino County, USA, with blackberry, blueberry, baking spice, flowers.",13%,2023,Retail stock not verified,Wine Enthusiast 2026 Best Buys,True,$16.00,2026 published review price,https://www.wineenthusiast.com/toplists/best-buys-2026/,Wine Enthusiast editorial Top 100 list,Published price/ABV/variety; style and description summarized,2026 Best Buys rank #45; GBP estimate uses fixed 0.79 USD factor; availability not verified
Frey Vineyards 2024 Sun&Rain Organic Chardonnay,Chardonnay,USA,Mendocino County,Medium-Bodied & Fruity,£15.80 per bottle,White,"Orange blossom, yellow apple, ripe citrus","Medium-Bodied & Fruity white from Mendocino County, USA, with orange blossom, yellow apple, ripe citrus.",14%,2024,Retail stock not verified,Wine Enthusiast 2026 Best Buys,True,$20.00,2026 published review price,https://www.wineenthusiast.com/toplists/best-buys-2026/,Wine Enthusiast editorial Top 100 list,Published price/ABV/variety; style and description summarized,2026 Best Buys rank #46; GBP estimate uses fixed 0.79 USD factor; availability not verified
Aveleda 2024 Solos de Granito Alvarinho,Alvarinho (Albariño),Portugal,Vinho Verde,Fresh & Aromatic,£15.80 per bottle,White,"Fuji apple, melon, citrus, white pepper","Fresh & Aromatic white from Vinho Verde, Portugal, with fuji apple, melon, citrus, white pepper.",12.5%,2024,Retail stock not verified,Wine Enthusiast 2026 Best Buys,True,$20.00,2026 published review price,https://www.wineenthusiast.com/toplists/best-buys-2026/,Wine Enthusiast editorial Top 100 list,Published price/ABV/variety; style and description summarized,2026 Best Buys rank #47; GBP estimate uses fixed 0.79 USD factor; availability not verified
Barton & Guestier 2024 Les Petites Parcelles Chenin Blanc,Chenin Blanc,France,Vouvray,Off-Dry & Aromatic,£13.43 per bottle,White,"Honeyed pear, bread dough, yogurt, off-dry tang","Off-Dry & Aromatic white from Vouvray, France, with honeyed pear, bread dough, yogurt, off-dry tang.",11.5%,2024,Retail stock not verified,Wine Enthusiast 2026 Best Buys,True,$17.00,2026 published review price,https://www.wineenthusiast.com/toplists/best-buys-2026/,Wine Enthusiast editorial Top 100 list,Published price/ABV/variety; style and description summarized,2026 Best Buys rank #48; GBP estimate uses fixed 0.79 USD factor; availability not verified
Marchesi di Barolo 2022 Barbera del Monferrato Maraia,Barbera,Italy,Barolo,Medium-Bodied & Fruity,£14.22 per bottle,Red,"Berry, italian plum, cherry, juicy acidity","Medium-Bodied & Fruity red from Barolo, Italy, with berry, italian plum, cherry, juicy acidity.",13%,2022,Retail stock not verified,Wine Enthusiast 2026 Best Buys,True,$18.00,2026 published review price,https://www.wineenthusiast.com/toplists/best-buys-2026/,Wine Enthusiast editorial Top 100 list,Published price/ABV/variety; style and description summarized,2026 Best Buys rank #49; GBP estimate uses fixed 0.79 USD factor; availability not verified
Bodegas Ramirez de la Piscina 2020 Crianza Tempranillo,Tempranillo,Spain,Rioja,Medium-to-Full-Bodied,£15.01 per bottle,Red,"Dark fruit, dried herbs, savory oak","Medium-to-Full-Bodied red from Rioja, Spain, with dark fruit, dried herbs, savory oak.",14.5%,2020,Retail stock not verified,Wine Enthusiast 2026 Best Buys,True,$19.00,2026 published review price,https://www.wineenthusiast.com/toplists/best-buys-2026/,Wine Enthusiast editorial Top 100 list,Published price/ABV/variety; style and description summarized,2026 Best Buys rank #50; GBP estimate uses fixed 0.79 USD factor; availability not verified
Salcheto 2024 Biskero Sangiovese,Sangiovese,Italy,Chianti,Medium-Bodied & Fruity,£11.85 per bottle,Red,"Bing cherry, fresh white cherry, pine","Medium-Bodied & Fruity red from Chianti, Italy, with bing cherry, fresh white cherry, pine.",13%,2024,Retail stock not verified,Wine Enthusiast 2026 Best Buys,True,$15.00,2026 published review price,https://www.wineenthusiast.com/toplists/best-buys-2026/,Wine Enthusiast editorial Top 100 list,Published price/ABV/variety; style and description summarized,2026 Best Buys rank #51; GBP estimate uses fixed 0.79 USD factor; availability not verified
Les Caves Richemer 2025 Domaine de Onglous Sauvignon Blanc,Sauvignon Blanc,France,Pays d'Oc,Light & Crisp,£15.80 per bottle,White,"Jalapeno, crushed gravel, apple peel, lime zest","Light & Crisp white from Pays d'Oc, France, with jalapeno, crushed gravel, apple peel, lime zest.",12.5%,2025,Retail stock not verified,Wine Enthusiast 2026 Best Buys,True,$20.00,2026 published review price,https://www.wineenthusiast.com/toplists/best-buys-2026/,Wine Enthusiast editorial Top 100 list,Published price/ABV/variety; style and description summarized,2026 Best Buys rank #52; GBP estimate uses fixed 0.79 USD factor; availability not verified
G.D. Vajra 2025 Moscato Bianco,Moscato,Italy,Moscato d'Asti,Sweet & Aromatic,£15.01 per bottle,White,"Jasmine, lime blossom, apple, peach","Sweet & Aromatic white from Moscato d'Asti, Italy, with jasmine, lime blossom, apple, peach.",5%,2025,Retail stock not verified,Wine Enthusiast 2026 Best Buys,True,$19.00,2026 published review price,https://www.wineenthusiast.com/toplists/best-buys-2026/,Wine Enthusiast editorial Top 100 list,Published price/ABV/variety; style and description summarized,2026 Best Buys rank #53; GBP estimate uses fixed 0.79 USD factor; availability not verified
Bieler Père et Fils 2025 Sabine Rosé,Rosé blend (composition not listed),France,Coteaux d'Aix-en-Provence,Fruity & Crisp,£11.85 per bottle,Rosé,"Citrus, herbs, stone fruit, lively acidity","Fruity & Crisp rosé from Coteaux d'Aix-en-Provence, France, with citrus, herbs, stone fruit, lively acidity.",12.5%,2025,Retail stock not verified,Wine Enthusiast 2026 Best Buys,True,$15.00,2026 published review price,https://www.wineenthusiast.com/toplists/best-buys-2026/,Wine Enthusiast editorial Top 100 list,Published price/ABV/variety; style and description summarized,2026 Best Buys rank #54; GBP estimate uses fixed 0.79 USD factor; availability not verified
Yering Station 2024 Paddock Rise Pinot Noir,Pinot Noir,Australia,Victoria,Light & Elegant,£15.01 per bottle,Red,"Red berries, cherry, bright fruit, gentle spice","Light & Elegant red from Victoria, Australia, with red berries, cherry, bright fruit, gentle spice.",13.2%,2024,Retail stock not verified,Wine Enthusiast 2026 Best Buys,True,$19.00,2026 published review price,https://www.wineenthusiast.com/toplists/best-buys-2026/,Wine Enthusiast editorial Top 100 list,Published price/ABV/variety; style and description summarized,2026 Best Buys rank #55; GBP estimate uses fixed 0.79 USD factor; availability not verified
J. Hofstätter 2024 Pinot Grigio,Pinot Grigio,Italy,Valdadige,Light & Crisp,£15.80 per bottle,White,"Apple, pear skin, slate, white flowers","Light & Crisp white from Valdadige, Italy, with apple, pear skin, slate, white flowers.",12.5%,2024,Retail stock not verified,Wine Enthusiast 2026 Best Buys,True,$20.00,2026 published review price,https://www.wineenthusiast.com/toplists/best-buys-2026/,Wine Enthusiast editorial Top 100 list,Published price/ABV/variety; style and description summarized,2026 Best Buys rank #56; GBP estimate uses fixed 0.79 USD factor; availability not verified
Altos Las Hormigas 2024 Terroir Malbec,Malbec,Argentina,Luján de Cuyo,Medium-Bodied & Fruity,£15.01 per bottle,Red,"Plum, blackberry, cassis, floral notes","Medium-Bodied & Fruity red from Luján de Cuyo, Argentina, with plum, blackberry, cassis, floral notes.",13.9%,2024,Retail stock not verified,Wine Enthusiast 2026 Best Buys,True,$19.00,2026 published review price,https://www.wineenthusiast.com/toplists/best-buys-2026/,Wine Enthusiast editorial Top 100 list,Published price/ABV/variety; style and description summarized,2026 Best Buys rank #57; GBP estimate uses fixed 0.79 USD factor; availability not verified
Terrazze dell'Etna 2024 Carusu Red Blend,Red blend (composition not listed),Italy,Etna Rosso,Medium-Bodied & Fruity,£14.22 per bottle,Red,"Violet, rose water, pepper, tart berries","Medium-Bodied & Fruity red from Etna Rosso, Italy, with violet, rose water, pepper, tart berries.",13%,2024,Retail stock not verified,Wine Enthusiast 2026 Best Buys,True,$18.00,2026 published review price,https://www.wineenthusiast.com/toplists/best-buys-2026/,Wine Enthusiast editorial Top 100 list,Published price/ABV/variety; style and description summarized,2026 Best Buys rank #58; GBP estimate uses fixed 0.79 USD factor; availability not verified
Perelada 2023 Stars Brut Nature Reserva Xarel·lo-Parellada-Macabeo,"Xarel·lo, Parellada & Macabeo",Spain,Cava,Fruity & Sparkling,£15.01 per bottle,Sparkling,"Citrus, baked green apple, toasted hazelnut, mineral","Fruity & Sparkling sparkling from Cava, Spain, with citrus, baked green apple, toasted hazelnut, mineral.",11.5%,2023,Retail stock not verified,Wine Enthusiast 2026 Best Buys,True,$19.00,2026 published review price,https://www.wineenthusiast.com/toplists/best-buys-2026/,Wine Enthusiast editorial Top 100 list,Published price/ABV/variety; style and description summarized,2026 Best Buys rank #59; GBP estimate uses fixed 0.79 USD factor; availability not verified
Casas del Bosque 2023 Gran Reserva Cabernet Sauvignon,Cabernet Sauvignon,Chile,Maipo Valley,Full-Bodied,£15.80 per bottle,Red,"Cherry, red fruit, herbs, oak spice","Full-Bodied red from Maipo Valley, Chile, with cherry, red fruit, herbs, oak spice.",14%,2023,Retail stock not verified,Wine Enthusiast 2026 Best Buys,True,$20.00,2026 published review price,https://www.wineenthusiast.com/toplists/best-buys-2026/,Wine Enthusiast editorial Top 100 list,Published price/ABV/variety; style and description summarized,2026 Best Buys rank #60; GBP estimate uses fixed 0.79 USD factor; availability not verified
Miguel Torres 2025 Cordillera de los Andes Chardonnay,Chardonnay,Chile,Limarí Valley,Medium-Bodied & Fruity,£15.80 per bottle,White,"Lime, apple, apricot, herb, chalky minerality","Medium-Bodied & Fruity white from Limarí Valley, Chile, with lime, apple, apricot, herb, chalky minerality.",13.5%,2025,Retail stock not verified,Wine Enthusiast 2026 Best Buys,True,$20.00,2026 published review price,https://www.wineenthusiast.com/toplists/best-buys-2026/,Wine Enthusiast editorial Top 100 list,Published price/ABV/variety; style and description summarized,2026 Best Buys rank #61; GBP estimate uses fixed 0.79 USD factor; availability not verified
Del Rio 2025 Estate Grenache Rosé,Grenache,USA,Rogue Valley,Fruity & Crisp,£14.22 per bottle,Rosé,"Orange, lemon, peach, citrus zest","Fruity & Crisp rosé from Rogue Valley, USA, with orange, lemon, peach, citrus zest.",12.8%,2025,Retail stock not verified,Wine Enthusiast 2026 Best Buys,True,$18.00,2026 published review price,https://www.wineenthusiast.com/toplists/best-buys-2026/,Wine Enthusiast editorial Top 100 list,Published price/ABV/variety; style and description summarized,2026 Best Buys rank #62; GBP estimate uses fixed 0.79 USD factor; availability not verified
Erath 2025 Rosé Pinot Noir,Pinot Noir,USA,Oregon,Fruity & Crisp,£11.85 per bottle,Rosé,"Bright cherry, berry, fresh citrus","Fruity & Crisp rosé from Oregon, USA, with bright cherry, berry, fresh citrus.",13%,2025,Retail stock not verified,Wine Enthusiast 2026 Best Buys,True,$15.00,2026 published review price,https://www.wineenthusiast.com/toplists/best-buys-2026/,Wine Enthusiast editorial Top 100 list,Published price/ABV/variety; style and description summarized,2026 Best Buys rank #63; GBP estimate uses fixed 0.79 USD factor; availability not verified
Mazza Vineyards 2020 Riesling,Riesling,USA,Lake Erie,Fresh & Aromatic,£14.22 per bottle,White,"Candied flowers, apricot, peach, petrol","Fresh & Aromatic white from Lake Erie, USA, with candied flowers, apricot, peach, petrol.",12%,2020,Retail stock not verified,Wine Enthusiast 2026 Best Buys,True,$18.00,2026 published review price,https://www.wineenthusiast.com/toplists/best-buys-2026/,Wine Enthusiast editorial Top 100 list,Published price/ABV/variety; style and description summarized,2026 Best Buys rank #64; GBP estimate uses fixed 0.79 USD factor; availability not verified
Hahn 2024 Cabernet Sauvignon,Cabernet Sauvignon,USA,California,Full-Bodied,£12.64 per bottle,Red,"Strawberry, raspberry, cinnamon, dried flowers","Full-Bodied red from California, USA, with strawberry, raspberry, cinnamon, dried flowers.",14.5%,2024,Retail stock not verified,Wine Enthusiast 2026 Best Buys,True,$16.00,2026 published review price,https://www.wineenthusiast.com/toplists/best-buys-2026/,Wine Enthusiast editorial Top 100 list,Published price/ABV/variety; style and description summarized,2026 Best Buys rank #65; GBP estimate uses fixed 0.79 USD factor; availability not verified
Lamoreaux Landing 2024 Chardonnay,Chardonnay,USA,Finger Lakes,Medium-Bodied & Fruity,£15.80 per bottle,White,"Lemon pith, white peach, cream, raw cashew, flint","Medium-Bodied & Fruity white from Finger Lakes, USA, with lemon pith, white peach, cream, raw cashew, flint.",13.6%,2024,Retail stock not verified,Wine Enthusiast 2026 Best Buys,True,$20.00,2026 published review price,https://www.wineenthusiast.com/toplists/best-buys-2026/,Wine Enthusiast editorial Top 100 list,Published price/ABV/variety; style and description summarized,2026 Best Buys rank #66; GBP estimate uses fixed 0.79 USD factor; availability not verified
Kirkland Signature 2023 Cabernet Sauvignon,Cabernet Sauvignon,USA,Oakville,Full-Bodied,£15.80 per bottle,Red,"Black cherry, plum, tobacco, pepper, cinnamon","Full-Bodied red from Oakville, USA, with black cherry, plum, tobacco, pepper, cinnamon.",14.5%,2023,Retail stock not verified,Wine Enthusiast 2026 Best Buys,True,$20.00,2026 published review price,https://www.wineenthusiast.com/toplists/best-buys-2026/,Wine Enthusiast editorial Top 100 list,Published price/ABV/variety; style and description summarized,2026 Best Buys rank #67; GBP estimate uses fixed 0.79 USD factor; availability not verified
San Simeon 2024 Rosé of Grenache,Grenache,USA,Paso Robles,Fruity & Crisp,£15.80 per bottle,Rosé,"Grapefruit peel, stone, bright fruit","Fruity & Crisp rosé from Paso Robles, USA, with grapefruit peel, stone, bright fruit.",13.1%,2024,Retail stock not verified,Wine Enthusiast 2026 Best Buys,True,$20.00,2026 published review price,https://www.wineenthusiast.com/toplists/best-buys-2026/,Wine Enthusiast editorial Top 100 list,Published price/ABV/variety; style and description summarized,2026 Best Buys rank #68; GBP estimate uses fixed 0.79 USD factor; availability not verified
Kirkland Signature 2023 Riserva Sangiovese,Sangiovese,Italy,Chianti Classico,Medium-Bodied & Fruity,£7.11 per bottle,Red,"Peony, wild herbs, black cherry, orange peel","Medium-Bodied & Fruity red from Chianti Classico, Italy, with peony, wild herbs, black cherry, orange peel.",13.5%,2023,Retail stock not verified,Wine Enthusiast 2026 Best Buys,True,$9.00,2026 published review price,https://www.wineenthusiast.com/toplists/best-buys-2026/,Wine Enthusiast editorial Top 100 list,Published price/ABV/variety; style and description summarized,2026 Best Buys rank #69; GBP estimate uses fixed 0.79 USD factor; availability not verified
Velvet Buck 2023 Red Blend,Red blend (composition not listed),USA,Central Coast,Medium-Bodied & Fruity,£11.85 per bottle,Red,"Charred berry, black plum, cracked stone, wood spice","Medium-Bodied & Fruity red from Central Coast, USA, with charred berry, black plum, cracked stone, wood spice.",14.5%,2023,Retail stock not verified,Wine Enthusiast 2026 Best Buys,True,$15.00,2026 published review price,https://www.wineenthusiast.com/toplists/best-buys-2026/,Wine Enthusiast editorial Top 100 list,Published price/ABV/variety; style and description summarized,2026 Best Buys rank #70; GBP estimate uses fixed 0.79 USD factor; availability not verified
Angels & Cowboys 2025 Sauvignon Blanc,Sauvignon Blanc,USA,Sonoma County,Light & Crisp,£14.22 per bottle,White,"Tangerine, lemon balm, citrus blossom, white peach","Light & Crisp white from Sonoma County, USA, with tangerine, lemon balm, citrus blossom, white peach.",12.5%,2025,Retail stock not verified,Wine Enthusiast 2026 Best Buys,True,$18.00,2026 published review price,https://www.wineenthusiast.com/toplists/best-buys-2026/,Wine Enthusiast editorial Top 100 list,Published price/ABV/variety; style and description summarized,2026 Best Buys rank #71; GBP estimate uses fixed 0.79 USD factor; availability not verified
Bodegas Valdemar 2024 Conde Valdemar Rosé Garnacha Blend,Garnacha rosé blend (composition not listed),Spain,Rioja,Fruity & Crisp,£14.22 per bottle,Rosé,"Strawberry, red cherry, floral notes, saline","Fruity & Crisp rosé from Rioja, Spain, with strawberry, red cherry, floral notes, saline.",12.5%,2024,Retail stock not verified,Wine Enthusiast 2026 Best Buys,True,$18.00,2026 published review price,https://www.wineenthusiast.com/toplists/best-buys-2026/,Wine Enthusiast editorial Top 100 list,Published price/ABV/variety; style and description summarized,2026 Best Buys rank #72; GBP estimate uses fixed 0.79 USD factor; availability not verified
Santa Cristina 2024 White Blend,White blend (composition not listed),Italy,Umbria,Fresh & Aromatic,£7.90 per bottle,White,"Green apple, white almond, white flowers","Fresh & Aromatic white from Umbria, Italy, with green apple, white almond, white flowers.",10.5%,2024,Retail stock not verified,Wine Enthusiast 2026 Best Buys,True,$10.00,2026 published review price,https://www.wineenthusiast.com/toplists/best-buys-2026/,Wine Enthusiast editorial Top 100 list,Published price/ABV/variety; style and description summarized,2026 Best Buys rank #73; GBP estimate uses fixed 0.79 USD factor; availability not verified
Arizona Stronghold Vineyards 2024 Dayden Rosé of Mourvèdre,Mourvèdre,USA,Arizona,Fruity & Crisp,£11.85 per bottle,Rosé,"Citrus, strawberry, flowers, grippy texture","Fruity & Crisp rosé from Arizona, USA, with citrus, strawberry, flowers, grippy texture.",12.7%,2024,Retail stock not verified,Wine Enthusiast 2026 Best Buys,True,$15.00,2026 published review price,https://www.wineenthusiast.com/toplists/best-buys-2026/,Wine Enthusiast editorial Top 100 list,Published price/ABV/variety; style and description summarized,2026 Best Buys rank #74; GBP estimate uses fixed 0.79 USD factor; availability not verified
Bernardus 2024 Griva Vineyard Sauvignon Blanc,Sauvignon Blanc,USA,Arroyo Seco,Light & Crisp,£15.80 per bottle,White,"Granny smith apple, grapefruit, green pepper","Light & Crisp white from Arroyo Seco, USA, with granny smith apple, grapefruit, green pepper.",12.7%,2024,Retail stock not verified,Wine Enthusiast 2026 Best Buys,True,$20.00,2026 published review price,https://www.wineenthusiast.com/toplists/best-buys-2026/,Wine Enthusiast editorial Top 100 list,Published price/ABV/variety; style and description summarized,2026 Best Buys rank #75; GBP estimate uses fixed 0.79 USD factor; availability not verified
The Curator 2025 Reserve Chenin Blanc,Chenin Blanc,South Africa,Swartland,Fresh & Aromatic,£14.22 per bottle,White,"Pear, pineapple, lime, stone fruit","Fresh & Aromatic white from Swartland, South Africa, with pear, pineapple, lime, stone fruit.",12.5%,2025,Retail stock not verified,Wine Enthusiast 2026 Best Buys,True,$18.00,2026 published review price,https://www.wineenthusiast.com/toplists/best-buys-2026/,Wine Enthusiast editorial Top 100 list,Published price/ABV/variety; style and description summarized,2026 Best Buys rank #76; GBP estimate uses fixed 0.79 USD factor; availability not verified
Donnafugata 2024 Anthìlia Lucido,Lucido (Catarratto),Italy,Sicilia,Fresh & Aromatic,£15.80 per bottle,White,"Citrus, white flowers, salt, crushed seashell","Fresh & Aromatic white from Sicilia, Italy, with citrus, white flowers, salt, crushed seashell.",12.5%,2024,Retail stock not verified,Wine Enthusiast 2026 Best Buys,True,$20.00,2026 published review price,https://www.wineenthusiast.com/toplists/best-buys-2026/,Wine Enthusiast editorial Top 100 list,Published price/ABV/variety; style and description summarized,2026 Best Buys rank #77; GBP estimate uses fixed 0.79 USD factor; availability not verified
Beronia 2024 Verdejo,Verdejo,Spain,Rueda,Light & Crisp,£11.06 per bottle,White,"Quince, golden apple, white peach, mineral","Light & Crisp white from Rueda, Spain, with quince, golden apple, white peach, mineral.",13.5%,2024,Retail stock not verified,Wine Enthusiast 2026 Best Buys,True,$14.00,2026 published review price,https://www.wineenthusiast.com/toplists/best-buys-2026/,Wine Enthusiast editorial Top 100 list,Published price/ABV/variety; style and description summarized,2026 Best Buys rank #78; GBP estimate uses fixed 0.79 USD factor; availability not verified
Stemmari 2025 Grillo,Grillo,Italy,Sicilia,Light & Crisp,£8.69 per bottle,White,"Lemon, lime, white flowers, saline shell","Light & Crisp white from Sicilia, Italy, with lemon, lime, white flowers, saline shell.",13%,2025,Retail stock not verified,Wine Enthusiast 2026 Best Buys,True,$11.00,2026 published review price,https://www.wineenthusiast.com/toplists/best-buys-2026/,Wine Enthusiast editorial Top 100 list,Published price/ABV/variety; style and description summarized,2026 Best Buys rank #79; GBP estimate uses fixed 0.79 USD factor; availability not verified
Cederberg 2020 Merlot-Shiraz,Merlot & Shiraz,South Africa,Cederberg,Full-Bodied,£13.43 per bottle,Red,"Ripe berries, cinnamon, herbs, red fruit","Full-Bodied red from Cederberg, South Africa, with ripe berries, cinnamon, herbs, red fruit.",14%,2020,Retail stock not verified,Wine Enthusiast 2026 Best Buys,True,$17.00,2026 published review price,https://www.wineenthusiast.com/toplists/best-buys-2026/,Wine Enthusiast editorial Top 100 list,Published price/ABV/variety; style and description summarized,2026 Best Buys rank #80; GBP estimate uses fixed 0.79 USD factor; availability not verified
Weingut Bianka und Daniel Schmitt 2023 Freiheit White Blend,White blend (composition not listed),Germany,Germany,Fresh & Aromatic,£14.22 per bottle,White,"Orchard blossom, flowers, gentle fruit","Fresh & Aromatic white from Germany, Germany, with orchard blossom, flowers, gentle fruit.",11%,2023,Retail stock not verified,Wine Enthusiast 2026 Best Buys,True,$18.00,2026 published review price,https://www.wineenthusiast.com/toplists/best-buys-2026/,Wine Enthusiast editorial Top 100 list,Published price/ABV/variety; style and description summarized,2026 Best Buys rank #81; GBP estimate uses fixed 0.79 USD factor; availability not verified
Les Dauphins 2023 Réserve Grenache Blend,Grenache-led blend (composition not listed),France,Côtes du Rhône,Medium-Bodied & Fruity,£9.48 per bottle,Red,"Violet, raspberry, dried cherry, red currant","Medium-Bodied & Fruity red from Côtes du Rhône, France, with violet, raspberry, dried cherry, red currant.",14%,2023,Retail stock not verified,Wine Enthusiast 2026 Best Buys,True,$12.00,2026 published review price,https://www.wineenthusiast.com/toplists/best-buys-2026/,Wine Enthusiast editorial Top 100 list,Published price/ABV/variety; style and description summarized,2026 Best Buys rank #82; GBP estimate uses fixed 0.79 USD factor; availability not verified
Chateau Ste. Michelle 2024 Columbia Valley Sauvignon Blanc,Sauvignon Blanc,USA,Columbia Valley (WA),Light & Crisp,£11.06 per bottle,White,"Passion fruit, macadamia, ginger, tropical fruit","Light & Crisp white from Columbia Valley (WA), USA, with passion fruit, macadamia, ginger, tropical fruit.",12.5%,2024,Retail stock not verified,Wine Enthusiast 2026 Best Buys,True,$14.00,2026 published review price,https://www.wineenthusiast.com/toplists/best-buys-2026/,Wine Enthusiast editorial Top 100 list,Published price/ABV/variety; style and description summarized,2026 Best Buys rank #83; GBP estimate uses fixed 0.79 USD factor; availability not verified
DFJ Vinhos 2024 Grand'Arte Alvarinho,Alvarinho (Albariño),Portugal,Lisboa,Fresh & Aromatic,£11.85 per bottle,White,"Baked apple, kiwi, tangy fruit","Fresh & Aromatic white from Lisboa, Portugal, with baked apple, kiwi, tangy fruit.",13%,2024,Retail stock not verified,Wine Enthusiast 2026 Best Buys,True,$15.00,2026 published review price,https://www.wineenthusiast.com/toplists/best-buys-2026/,Wine Enthusiast editorial Top 100 list,Published price/ABV/variety; style and description summarized,2026 Best Buys rank #84; GBP estimate uses fixed 0.79 USD factor; availability not verified
Clos du Bois 2024 Crisp Chardonnay,Chardonnay,USA,California,Medium-Bodied & Fruity,£8.69 per bottle,White,"Stone fruit, citrus peel, guava, white flowers","Medium-Bodied & Fruity white from California, USA, with stone fruit, citrus peel, guava, white flowers.",13.5%,2024,Retail stock not verified,Wine Enthusiast 2026 Best Buys,True,$11.00,2026 published review price,https://www.wineenthusiast.com/toplists/best-buys-2026/,Wine Enthusiast editorial Top 100 list,Published price/ABV/variety; style and description summarized,2026 Best Buys rank #85; GBP estimate uses fixed 0.79 USD factor; availability not verified
Carpineto 2023 Dogajolo Rosso Red Blend,Red blend (composition not listed),Italy,Toscana,Medium-Bodied & Fruity,£12.64 per bottle,Red,"Herb, dark cherry, oak, white cherry","Medium-Bodied & Fruity red from Toscana, Italy, with herb, dark cherry, oak, white cherry.",13.2%,2023,Retail stock not verified,Wine Enthusiast 2026 Best Buys,True,$16.00,2026 published review price,https://www.wineenthusiast.com/toplists/best-buys-2026/,Wine Enthusiast editorial Top 100 list,Published price/ABV/variety; style and description summarized,2026 Best Buys rank #86; GBP estimate uses fixed 0.79 USD factor; availability not verified
Narcisi Winery 2024 Off-Dry Riesling,Riesling,USA,Lake Erie,Fresh & Aromatic,£13.43 per bottle,White,"Yellow pear, passion fruit, orange zest, honeysuckle","Fresh & Aromatic white from Lake Erie, USA, with yellow pear, passion fruit, orange zest, honeysuckle.",13.4%,2024,Retail stock not verified,Wine Enthusiast 2026 Best Buys,True,$17.00,2026 published review price,https://www.wineenthusiast.com/toplists/best-buys-2026/,Wine Enthusiast editorial Top 100 list,Published price/ABV/variety; style and description summarized,2026 Best Buys rank #87; GBP estimate uses fixed 0.79 USD factor; availability not verified
Hartwick Vineyards 2024 Cabernet Sauvignon,Cabernet Sauvignon,USA,Alexander Valley,Full-Bodied,£15.80 per bottle,Red,"Baked blueberry, plum, cinnamon, violet","Full-Bodied red from Alexander Valley, USA, with baked blueberry, plum, cinnamon, violet.",14.5%,2024,Retail stock not verified,Wine Enthusiast 2026 Best Buys,True,$20.00,2026 published review price,https://www.wineenthusiast.com/toplists/best-buys-2026/,Wine Enthusiast editorial Top 100 list,Published price/ABV/variety; style and description summarized,2026 Best Buys rank #88; GBP estimate uses fixed 0.79 USD factor; availability not verified
San Gregorio 2022 San Gregorio Sangiovese,Sangiovese,Italy,Chianti Colli Senesi,Medium-Bodied & Fruity,£9.48 per bottle,Red,"Earth, leather, wild fennel, blackberry, black plum","Medium-Bodied & Fruity red from Chianti Colli Senesi, Italy, with earth, leather, wild fennel, blackberry, black plum.",9%,2022,Retail stock not verified,Wine Enthusiast 2026 Best Buys,True,$12.00,2026 published review price,https://www.wineenthusiast.com/toplists/best-buys-2026/,Wine Enthusiast editorial Top 100 list,Published price/ABV/variety; style and description summarized,2026 Best Buys rank #89; GBP estimate uses fixed 0.79 USD factor; availability not verified; unusually low 9% ABV reproduced exactly as published
Cuatro Rayas 2025 Vendimia Nocturna Verdejo,Verdejo,Spain,Rueda,Light & Crisp,£11.85 per bottle,White,"Lemon citrus, bread dough, field grass, herbal notes","Light & Crisp white from Rueda, Spain, with lemon citrus, bread dough, field grass, herbal notes.",13%,2025,Retail stock not verified,Wine Enthusiast 2026 Best Buys,True,$15.00,2026 published review price,https://www.wineenthusiast.com/toplists/best-buys-2026/,Wine Enthusiast editorial Top 100 list,Published price/ABV/variety; style and description summarized,2026 Best Buys rank #90; GBP estimate uses fixed 0.79 USD factor; availability not verified
Campo Viejo 2024 Garnacha,Garnacha (Grenache),Spain,Rioja,Medium-Bodied & Fruity,£10.27 per bottle,Red,"Summer berries, raspberry, cherry blossom, oak spice","Medium-Bodied & Fruity red from Rioja, Spain, with summer berries, raspberry, cherry blossom, oak spice.",13%,2024,Retail stock not verified,Wine Enthusiast 2026 Best Buys,True,$13.00,2026 published review price,https://www.wineenthusiast.com/toplists/best-buys-2026/,Wine Enthusiast editorial Top 100 list,Published price/ABV/variety; style and description summarized,2026 Best Buys rank #91; GBP estimate uses fixed 0.79 USD factor; availability not verified
Anko 2025 Malbec,Malbec,Argentina,Salta,Medium-Bodied & Fruity,£11.85 per bottle,Red,"Plum, cherry, berry, spice","Medium-Bodied & Fruity red from Salta, Argentina, with plum, cherry, berry, spice.",13.5%,2025,Retail stock not verified,Wine Enthusiast 2026 Best Buys,True,$15.00,2026 published review price,https://www.wineenthusiast.com/toplists/best-buys-2026/,Wine Enthusiast editorial Top 100 list,Published price/ABV/variety; style and description summarized,2026 Best Buys rank #92; GBP estimate uses fixed 0.79 USD factor; availability not verified
Château La Gordonne 2024 Vérité du Terroir Rosé,Rosé blend (composition not listed),France,Côtes de Provence,Fruity & Crisp,£15.01 per bottle,Rosé,"Peach, ripe fruit, green herbal notes","Fruity & Crisp rosé from Côtes de Provence, France, with peach, ripe fruit, green herbal notes.",12.5%,2024,Retail stock not verified,Wine Enthusiast 2026 Best Buys,True,$19.00,2026 published review price,https://www.wineenthusiast.com/toplists/best-buys-2026/,Wine Enthusiast editorial Top 100 list,Published price/ABV/variety; style and description summarized,2026 Best Buys rank #93; GBP estimate uses fixed 0.79 USD factor; availability not verified
Shannon Ridge 2023 High Elevation Collection Petite Sirah,Petite Sirah,USA,Lake County,Full-Bodied,£13.43 per bottle,Red,"Boysenberry, currant, licorice, toasted oak","Full-Bodied red from Lake County, USA, with boysenberry, currant, licorice, toasted oak.",13.5%,2023,Retail stock not verified,Wine Enthusiast 2026 Best Buys,True,$17.00,2026 published review price,https://www.wineenthusiast.com/toplists/best-buys-2026/,Wine Enthusiast editorial Top 100 list,Published price/ABV/variety; style and description summarized,2026 Best Buys rank #94; GBP estimate uses fixed 0.79 USD factor; availability not verified
BonAnno 2024 Chardonnay,Chardonnay,USA,Los Carneros,Medium-Bodied & Fruity,£15.80 per bottle,White,"Guava, roasted apple, pineapple sage, ginger","Medium-Bodied & Fruity white from Los Carneros, USA, with guava, roasted apple, pineapple sage, ginger.",14%,2024,Retail stock not verified,Wine Enthusiast 2026 Best Buys,True,$20.00,2026 published review price,https://www.wineenthusiast.com/toplists/best-buys-2026/,Wine Enthusiast editorial Top 100 list,Published price/ABV/variety; style and description summarized,2026 Best Buys rank #95; GBP estimate uses fixed 0.79 USD factor; availability not verified
Troublemaker NV Blend 17 Red Blend,Red blend (composition not listed),USA,Central Coast,Medium-Bodied & Fruity,£15.80 per bottle,Red,"Sandalwood, cedar, dark cherry, caramel","Medium-Bodied & Fruity red from Central Coast, USA, with sandalwood, cedar, dark cherry, caramel.",14.5%,NV,Retail stock not verified,Wine Enthusiast 2026 Best Buys,True,$20.00,2026 published review price,https://www.wineenthusiast.com/toplists/best-buys-2026/,Wine Enthusiast editorial Top 100 list,Published price/ABV/variety; style and description summarized,2026 Best Buys rank #96; GBP estimate uses fixed 0.79 USD factor; availability not verified
Rodney Strong 2024 Chardonnay,Chardonnay,USA,Sonoma County,Medium-Bodied & Fruity,£14.22 per bottle,White,"Gala apple, meyer lemon, citrus blossom, nectarine","Medium-Bodied & Fruity white from Sonoma County, USA, with gala apple, meyer lemon, citrus blossom, nectarine.",13.5%,2024,Retail stock not verified,Wine Enthusiast 2026 Best Buys,True,$18.00,2026 published review price,https://www.wineenthusiast.com/toplists/best-buys-2026/,Wine Enthusiast editorial Top 100 list,Published price/ABV/variety; style and description summarized,2026 Best Buys rank #97; GBP estimate uses fixed 0.79 USD factor; availability not verified
Rough Day 2024 Rosé,Rosé blend (composition not listed),Bulgaria,Danube Plain,Fruity & Crisp,£11.85 per bottle,Rosé,"Dried rosehip, white peach, red cherry, orange zest","Fruity & Crisp rosé from Danube Plain, Bulgaria, with dried rosehip, white peach, red cherry, orange zest.",13%,2024,Retail stock not verified,Wine Enthusiast 2026 Best Buys,True,$15.00,2026 published review price,https://www.wineenthusiast.com/toplists/best-buys-2026/,Wine Enthusiast editorial Top 100 list,Published price/ABV/variety; style and description summarized,2026 Best Buys rank #98; GBP estimate uses fixed 0.79 USD factor; availability not verified
Piccini 2023 Collezione Oro Riserva Sangiovese,Sangiovese,Italy,Chianti,Medium-Bodied & Fruity,£13.43 per bottle,Red,"Black cherry, red plum, hibiscus, pomegranate","Medium-Bodied & Fruity red from Chianti, Italy, with black cherry, red plum, hibiscus, pomegranate.",13.5%,2023,Retail stock not verified,Wine Enthusiast 2026 Best Buys,True,$17.00,2026 published review price,https://www.wineenthusiast.com/toplists/best-buys-2026/,Wine Enthusiast editorial Top 100 list,Published price/ABV/variety; style and description summarized,2026 Best Buys rank #99; GBP estimate uses fixed 0.79 USD factor; availability not verified
Bom Dia Brazilian Bubbles NV Brut Sparkling Blend,Brut sparkling blend (composition not listed),Brazil,Campanha,Crisp & Sparkling,£15.01 per bottle,Sparkling,"Apple, pear, white peach, light acidity","Crisp & Sparkling sparkling from Campanha, Brazil, with apple, pear, white peach, light acidity.",12%,NV,Retail stock not verified,Wine Enthusiast 2026 Best Buys,True,$19.00,2026 published review price,https://www.wineenthusiast.com/toplists/best-buys-2026/,Wine Enthusiast editorial Top 100 list,Published price/ABV/variety; style and description summarized,2026 Best Buys rank #100; GBP estimate uses fixed 0.79 USD factor; availability not verified
Cooper's Hawk Lux Sparkling,"70% Semillon, 30% Cabernet Franc",France,"Bordeaux, France",Dry & Crisp,£27.64 per bottle,Sparkling,"Green apple, brioche, lemon, yellow pear, almonds","Traditional-style sparkling wine with orchard fruit, citrus, brioche, almond, and a rich toasty profile.",Not published,Not published,Current,Sparkling,True,$34.99,Current menu,https://chwinery.com/wine/catalog/sparkling,Official Cooper's Hawk wine/menu page,Verified / normalized,Official product page has conflicting origin text (Loire Valley versus Bordeaux); supplied Bordeaux details preserved.; stock and listed availability not independently verified; GBP estimate uses fixed 0.79 USD factor
Cooper's Hawk Bubbly Rosé,Syrah & Grenache,USA,Washington State,Fruity & Crisp,£16.58 per bottle,Sparkling Rosé,"Watermelon, strawberry, pink cherry, lemon, rose petals","Sparkling rosé with bright red-fruit flavors, citrus freshness, floral notes, and a creamy texture.",Not published,Not published,Current,Core Portfolio,True,$20.99,Current menu,https://chwinery.com/wine/catalog/bubbly-ros%C3%A9,Official Cooper's Hawk wine/menu page,Verified / normalized,Original Cooper’s Hawk catalog entry; no additional notes; stock and listed availability not independently verified; GBP estimate uses fixed 0.79 USD factor
Cooper's Hawk Prosecco,Glera,Italy,Veneto,Light & Crisp,£18.16 per bottle,Sparkling,"White peach, lime, lemon candy, honey, white flowers","Fresh Italian sparkling wine with peach, citrus, floral notes, and a light touch of honey.",Not published,Not published,Current,Sparkling,True,$22.99,Current menu,https://chwinery.com/wine/catalog/prosecco,Official Cooper's Hawk wine/menu page,Verified / normalized,Original Cooper’s Hawk catalog entry; no additional notes; stock and listed availability not independently verified; GBP estimate uses fixed 0.79 USD factor
Cooper's Hawk Blanc de Blanc,Chardonnay & French Colombard,USA,California,Light & Crisp,£15.00 per bottle,Sparkling,"White flowers, peach, lemon, green apple, pear","Bright sparkling white with green apple, pear, peach, lemon, and delicate floral aromas.",Not published,Not published,Current,Sparkling,True,$18.99,Current menu,https://chwinery.com/wine/catalog/blanc-de-blanc,Official Cooper's Hawk wine/menu page,Verified / normalized,Original Cooper’s Hawk catalog entry; no additional notes; stock and listed availability not independently verified; GBP estimate uses fixed 0.79 USD factor
Cooper's Hawk Abrillante,Verdejo,Spain,Rueda,Light & Crisp,£18.95 per bottle,White,"Grapefruit, lemon, tangerine, nectarine, orange blossom","Vibrant Spanish white with citrus, stone-fruit, and floral flavors in a refreshing style.",Not published,Not published,Current,Core Portfolio,True,$23.99,Current menu,https://chwinery.com/wine/catalog/abrillante,Official Cooper's Hawk wine/menu page,Verified / normalized,Original Cooper’s Hawk catalog entry; no additional notes; stock and listed availability not independently verified; GBP estimate uses fixed 0.79 USD factor
Cooper's Hawk Sauvignon Blanc,Sauvignon Blanc,USA,California,Light & Crisp,£15.79 per bottle,White,"Lime, lemon, grapefruit, grass, green apple, white flowers","Clean, crisp Sauvignon Blanc emphasizing citrus, green fruit, grassy notes, and freshness.",Not published,Not published,Current,Core Portfolio,True,$19.99,Current menu,https://chwinery.com/wine/catalog/sauvignon-blanc,Official Cooper's Hawk wine/menu page,Verified / normalized,Original Cooper’s Hawk catalog entry; no additional notes; stock and listed availability not independently verified; GBP estimate uses fixed 0.79 USD factor
Cooper's Hawk Lux White Meritage,White blend,USA,"Edna Valley / Central Coast, California",Full-Bodied,£23.69 per bottle,White,"Lemon custard, guava, cream, green apple, grass","Full-bodied coastal white blend with ripe fruit, creamy texture, citrus, and balanced acidity.",Not published,Not published,Current,Core Portfolio,True,$29.99,Current menu,https://chwinery.com/wine/catalog/white-meritage,Official Cooper's Hawk wine/menu page,Verified / normalized,Original Cooper’s Hawk catalog entry; no additional notes; stock and listed availability not independently verified; GBP estimate uses fixed 0.79 USD factor
Cooper's Hawk Pinot Gris,Pinot Gris,USA,"Columbia Valley, Washington",Light-Bodied,£15.00 per bottle,White,"Peach, orange rind, apple, lemon","Light-bodied Pinot Gris with peach, apple, citrus, and a refreshing fruit-driven profile.",Not published,Not published,Current,Core Portfolio,True,$18.99,Current menu,https://chwinery.com/wine/catalog/pinot-gris,Official Cooper's Hawk wine/menu page,Verified / normalized,Original Cooper’s Hawk catalog entry; no additional notes; stock and listed availability not independently verified; GBP estimate uses fixed 0.79 USD factor
Cooper's Hawk Unoaked Chardonnay,Chardonnay,USA,Washington State,Light & Crisp,£15.00 per bottle,White,"Lemon, green apple, melon","Unoaked Chardonnay with zesty lemon, green apple, and melon flavors and a clean finish.",Not published,Not published,Current,Core Portfolio,True,$18.99,Current menu,https://chwinery.com/wine/catalog/unoaked-chardonnay,Official Cooper's Hawk wine/menu page,Verified / normalized,Original Cooper’s Hawk catalog entry; no additional notes; stock and listed availability not independently verified; GBP estimate uses fixed 0.79 USD factor
Cooper's Hawk Chardonnay,Chardonnay,USA,"Lodi, California",Medium-Bodied,£15.79 per bottle,White,"Banana, yellow apple, butter, toasted oak","Medium-bodied Chardonnay with ripe orchard fruit, buttery notes, and toasted oak.",Not published,Not published,Current,Core Portfolio,True,$19.99,Current menu,https://chwinery.com/wine/catalog/chardonnay-2,Official Cooper's Hawk wine/menu page,Verified / normalized,Original Cooper’s Hawk catalog entry; no additional notes; stock and listed availability not independently verified; GBP estimate uses fixed 0.79 USD factor
Cooper's Hawk Lux Chardonnay,Chardonnay,USA,"Edna Valley / Central Coast, California",Full-Bodied,£23.69 per bottle,White,"Lemon, apple, nuts, butterscotch, toast","Full-bodied Chardonnay with rounded texture, citrus and apple fruit, nutty notes, butterscotch, and toast.",Not published,Not published,Current,Core Portfolio,True,$29.99,Current menu,https://chwinery.com/wine/catalog/chardonnay,Official Cooper's Hawk wine/menu page,Verified / normalized,Original Cooper’s Hawk catalog entry; no additional notes; stock and listed availability not independently verified; GBP estimate uses fixed 0.79 USD factor
Cooper's Hawk White,Pinot Gris & Riesling,USA,Washington State,Fruity & Aromatic,£15.00 per bottle,White,"Pear, apricot, passion fruit, melon, honey, white flowers","Aromatic white blend with juicy orchard fruit, tropical notes, floral character, and fresh acidity.",Not published,Not published,Current,Core Portfolio,True,$18.99,Current menu,https://chwinery.com/wine/catalog/coopers-hawk-white,Official Cooper's Hawk wine/menu page,Verified / normalized,Original Cooper’s Hawk catalog entry; no additional notes; stock and listed availability not independently verified; GBP estimate uses fixed 0.79 USD factor
Cooper's Hawk Riesling,Riesling,USA,Washington State,Slightly Sweet,£15.79 per bottle,White,"Key lime, green apple, honeydew, flowers","Slightly sweet Riesling with lime, green apple, melon, and fragrant floral notes.",Not published,Not published,Current,Core Portfolio,True,$19.99,Current menu,https://chwinery.com/wine/catalog/riesling,Official Cooper's Hawk wine/menu page,Verified / normalized,Original Cooper’s Hawk catalog entry; no additional notes; stock and listed availability not independently verified; GBP estimate uses fixed 0.79 USD factor
Cooper's Hawk Gewürztraminer,Gewürztraminer,USA,California,Aromatic & Fruity,£15.00 per bottle,White,"Lychee, grapefruit, rose petals","Lush aromatic white with lychee, sweet citrus, and rose-petal character.",Not published,Not published,Current,Core Portfolio,True,$18.99,Current menu,https://chwinery.com/wine/catalog/gewurztraminer,Official Cooper's Hawk wine/menu page,Verified / normalized,Original Cooper’s Hawk catalog entry; no additional notes; stock and listed availability not independently verified; GBP estimate uses fixed 0.79 USD factor
Cooper's Hawk Moscato,Moscato,USA,California,Sweet & Aromatic,£15.00 per bottle,White,"Peach, melon, orange blossom, flowers","Sweet, intensely aromatic Moscato with peach, melon, and orange-blossom flavors.",Not published,Not published,Current,Core Portfolio,True,$18.99,Current menu,https://chwinery.com/wine/catalog/moscato,Official Cooper's Hawk wine/menu page,Verified / normalized,Original Cooper’s Hawk catalog entry; no additional notes; stock and listed availability not independently verified; GBP estimate uses fixed 0.79 USD factor
Cooper's Hawk Rosé,Rosé blend,USA,Washington State,Dry & Crisp,£16.58 per bottle,Rosé,"Strawberry, citrus","Crisp, clean rosé centered on juicy strawberry and fresh citrus flavors.",Not published,Not published,Current,Core Portfolio,True,$20.99,Current menu,https://chwinery.com/wine/catalog/ros%C3%A9,Official Cooper's Hawk wine/menu page,Verified / normalized,Original Cooper’s Hawk catalog entry; no additional notes; stock and listed availability not independently verified; GBP estimate uses fixed 0.79 USD factor
Cooper's Hawk Pinot Noir,Pinot Noir,USA,California,Light-Bodied,£19.74 per bottle,Red,"Cherry, raspberry, baking spices, smoke, tea","Bright, soft Pinot Noir with red fruit, spice, light smoke, and tea notes.",Not published,Not published,Current,Core Portfolio,True,$24.99,Current menu,https://chwinery.com/wine/catalog/pinot-noir-2,Official Cooper's Hawk wine/menu page,Verified / normalized,Original Cooper’s Hawk catalog entry; no additional notes; stock and listed availability not independently verified; GBP estimate uses fixed 0.79 USD factor
Cooper's Hawk Lux Pinot Noir,Pinot Noir,USA,California,Light & Elegant,£31.59 per bottle,Red,"Cherry, plum, tea, mushrooms, baking spices","Elegant California Pinot Noir with ripe red fruit, earthy notes, spice, and a long finish.",Not published,Not published,Current,Core Portfolio,True,$39.99,Current menu,https://chwinery.com/wine/catalog/pinot-noir,Official Cooper's Hawk wine/menu page,Verified / normalized,Original Cooper’s Hawk catalog entry; no additional notes; stock and listed availability not independently verified; GBP estimate uses fixed 0.79 USD factor
Cooper's Hawk Barbera,Barbera,USA,"Lodi, California",Medium-Bodied,£18.95 per bottle,Red,"Blueberry, plum, cherry, leather, baking spices","Juicy Barbera with plum, blueberry, cherry, leather, and warming spice.",Not published,Not published,Current,Core Portfolio,True,$23.99,Current menu,https://chwinery.com/wine/catalog/barbera,Official Cooper's Hawk wine/menu page,Verified / normalized,Original Cooper’s Hawk catalog entry; no additional notes; stock and listed availability not independently verified; GBP estimate uses fixed 0.79 USD factor
Cooper's Hawk Merlot,Merlot,USA,California,Medium-Bodied,£15.79 per bottle,Red,"Blackberry, black cherry, plum, cocoa, coffee","Rich, smooth Merlot with dark berries, plum, cocoa, coffee, and a soft finish.",Not published,Not published,Current,Core Portfolio,True,$19.99,Current menu,https://chwinery.com/wine/catalog/merlot,Official Cooper's Hawk wine/menu page,Verified / normalized,Original Cooper’s Hawk catalog entry; no additional notes; stock and listed availability not independently verified; GBP estimate uses fixed 0.79 USD factor
Cooper's Hawk Malbec,Malbec,USA,California,Full-Bodied,£19.74 per bottle,Red,"Blueberry, blackberry, black cherry, pepper, baking spices","Bold yet refined Malbec with dark berry fruit, pepper, and spice.",Not published,Not published,Current,Core Portfolio,True,$24.99,Current menu,https://chwinery.com/wine/catalog/malbec,Official Cooper's Hawk wine/menu page,Verified / normalized,Original Cooper’s Hawk catalog entry; no additional notes; stock and listed availability not independently verified; GBP estimate uses fixed 0.79 USD factor
Cooper's Hawk Vin Velouté,Red blend,Not published,Not published,Soft & Fruity,£18.16 per bottle,Red,"Jammy dark fruit, sweet baking spices","Soft, silky red blend with concentrated jammy fruit and sweet baking-spice character.",Not published,Not published,Current,Core Portfolio,True,$22.99,Current menu,https://chwinery.com/menus/wine-in-tasting-room,Official Cooper's Hawk wine/menu page,Verified / normalized,Original Cooper’s Hawk catalog entry; no additional notes; stock and listed availability not independently verified; GBP estimate uses fixed 0.79 USD factor
Cooper's Hawk Red,Cabernet Sauvignon & Merlot,USA,California,Medium-Bodied,£15.79 per bottle,Red,"Black cherry, blackberry, tobacco, vanilla, cracked pepper, red raspberry","Fruit-forward Cabernet and Merlot blend with dark berries, smooth tannins, tobacco, vanilla, and pepper.",Not published,Not published,Current,Core Portfolio,True,$19.99,Current menu,https://chwinery.com/wine/catalog/coopers-hawk-red,Official Cooper's Hawk wine/menu page,Verified / normalized,Original Cooper’s Hawk catalog entry; no additional notes; stock and listed availability not independently verified; GBP estimate uses fixed 0.79 USD factor
Cooper's Hawk Old Vine Zin,Zinfandel,USA,"Lodi, California",Full-Bodied,£16.58 per bottle,Red,"Blackberry, cranberry, raspberry, pepper, baking spices","Rich old-vine Zinfandel with ripe berry fruit, pepper, spice, and rounded tannins.",Not published,Not published,Current,Core Portfolio,True,$20.99,Current menu,https://chwinery.com/wine/catalog/old-vine-zin,Official Cooper's Hawk wine/menu page,Verified / normalized,Original Cooper’s Hawk catalog entry; no additional notes; stock and listed availability not independently verified; GBP estimate uses fixed 0.79 USD factor
Cooper's Hawk Cab Zin,Cabernet Sauvignon & Zinfandel,USA,California,Full-Bodied,£19.74 per bottle,Red,"Blackberry, plum, black currant, chocolate, baking spices","Bold Cabernet and jammy Zinfandel blend with dark fruit, chocolate, spice, and smooth tannins.",Not published,Not published,Current,Core Portfolio,True,$24.99,Current menu,https://chwinery.com/wine/catalog/cab-zin,Official Cooper's Hawk wine/menu page,Verified / normalized,Original Cooper’s Hawk catalog entry; no additional notes; stock and listed availability not independently verified; GBP estimate uses fixed 0.79 USD factor
Cooper's Hawk Petite Sirah,Petite Sirah,USA,"Lodi, California",Full-Bodied,£21.32 per bottle,Red,"Dark fruit, pepper, black olive, smoke","Full-bodied, inky Petite Sirah with dark fruit, pepper, black olive, and smoky notes.",Not published,Not published,Current,Core Portfolio,True,$26.99,Current menu,https://chwinery.com/wine/catalog/petite-sirah,Official Cooper's Hawk wine/menu page,Verified / normalized,Official tasting-room menu shows $26.99; online shop listing shows $20.99. Preserved tasting-menu price.; stock and listed availability not independently verified; GBP estimate uses fixed 0.79 USD factor
Cooper's Hawk Tempranillo,Tempranillo,Spain,Rioja,Full-Bodied,£21.32 per bottle,Red,"Red plum, earth, leather, vanilla","Spanish Tempranillo with ripe red plum, earthy tones, leather, vanilla, and smooth tannins.",Not published,Not published,Current,Core Portfolio,True,$26.99,Current menu,https://chwinery.com/wine/catalog/spanish-tempranillo,Official Cooper's Hawk wine/menu page,Verified / normalized,Original Cooper’s Hawk catalog entry; no additional notes; stock and listed availability not independently verified; GBP estimate uses fixed 0.79 USD factor
Cooper's Hawk Super Tuscan,"Sangiovese, Cabernet Sauvignon & Merlot",Italy,Tuscany,Full-Bodied,£22.90 per bottle,Red,"Black cherry, blueberry, star anise, leather, fresh herbs","Full-bodied Tuscan red blend with dark fruit, earthy leather, herbs, and star-anise spice.",Not published,Not published,Current,Core Portfolio,True,$28.99,Current menu,https://chwinery.com/wine/catalog/italian-super-tuscan,Official Cooper's Hawk wine/menu page,Verified / normalized,Original Cooper’s Hawk catalog entry; no additional notes; stock and listed availability not independently verified; GBP estimate uses fixed 0.79 USD factor
Cooper's Hawk Shiraz,Shiraz,Australia,Barossa Valley,Full-Bodied,£23.69 per bottle,Red,"Blackberry, black olive, licorice, violets, vanilla","Bold Barossa Shiraz with dark fruit, black olive, licorice, violet, vanilla, and smooth tannins.",Not published,Not published,Current,Core Portfolio,True,$29.99,Current menu,https://chwinery.com/wine/catalog/shiraz,Official Cooper's Hawk wine/menu page,Verified / normalized,Original Cooper’s Hawk catalog entry; no additional notes; stock and listed availability not independently verified; GBP estimate uses fixed 0.79 USD factor
Cooper's Hawk Cabernet Sauvignon,Cabernet Sauvignon,USA,"Lodi, California",Full-Bodied,£19.74 per bottle,Red,"Vanilla, black cherry, blackberry, bay leaf, bell pepper, mixed berries, spice","Structured Cabernet Sauvignon with dark berry fruit, herbs, spice, vanilla, and silky tannins.",Not published,Not published,Current,Core Portfolio,True,$24.99,Current menu,https://chwinery.com/wine/catalog/cabernet-sauvignon-2,Official Cooper's Hawk wine/menu page,Verified / normalized,Original Cooper’s Hawk catalog entry; no additional notes; stock and listed availability not independently verified; GBP estimate uses fixed 0.79 USD factor
Cooper's Hawk Lux Cabernet Sauvignon,Cabernet Sauvignon,USA,"Mendocino County, California",Full-Bodied,£28.43 per bottle,Red,"Wild blackberry, vanilla, coffee, spice","Full-bodied Cabernet with firm tannins, concentrated blackberry, vanilla, coffee, and spice.",Not published,Not published,Current,Core Portfolio,True,$35.99,Current menu,https://chwinery.com/wine/catalog/cabernet-sauvignon,Official Cooper's Hawk wine/menu page,Verified / normalized,Original Cooper’s Hawk catalog entry; no additional notes; stock and listed availability not independently verified; GBP estimate uses fixed 0.79 USD factor
Cooper's Hawk Lux Meritage,"Cabernet Sauvignon, Merlot, Cabernet Franc & Malbec",USA,"Paso Robles & Mendocino, California",Full-Bodied,£31.59 per bottle,Red,"Black currant, blackberry, chocolate, vanilla, baking spices","Refined Bordeaux-style red blend with dark berries, cassis, chocolate, vanilla, and baking spice.",Not published,Not published,Current,Core Portfolio,True,$39.99,Current menu,https://chwinery.com/wine/catalog/meritage,Official Cooper's Hawk wine/menu page,Verified / normalized,Original Cooper’s Hawk catalog entry; no additional notes; stock and listed availability not independently verified; GBP estimate uses fixed 0.79 USD factor
Cooper's Hawk Curated Icons Cabernet Sauvignon,Cabernet Sauvignon,USA,California,Full-Bodied,£86.89 per bottle,Red,"Cabernet fruit, oak, dark berries, structured tannins",Premium California Cabernet Sauvignon created as part of Cooper's Hawk's Curated Icons series.,Not published,Not published,Current,Iconic / Signature Reserve,True,$109.99,Current menu,https://chwinery.com/wine/catalog/cabernet-sauvignon-created-in-partnership-with-napa-legend-cakebread-cellars,Official Cooper's Hawk wine/menu page,Verified / normalized,Original Cooper’s Hawk catalog entry; no additional notes; stock and listed availability not independently verified; GBP estimate uses fixed 0.79 USD factor
Cooper's Hawk Camille Dauntless,"68% Cabernet Sauvignon, 13% Malbec, 10% Merlot, 4% Cabernet Franc, 3% Syrah, 2% Petite Sirah",USA,"Horse Heaven Hills, Red Mountain & Walla Walla, Washington",Full-Bodied,£47.39 per bottle,Red,"Dark fruit, structured tannins, Cabernet-led red blend","A structured Washington red blend anchored by Cabernet Sauvignon with Malbec, Merlot, Cabernet Franc, Syrah, and Petite Sirah.",Not published,Not published,Current,Iconic / Camille,True,$59.99,Current menu,https://chwinery.com/camille-dauntless,Official Cooper's Hawk wine/menu page,Verified / normalized,Original Cooper’s Hawk catalog entry; no additional notes; stock and listed availability not independently verified; GBP estimate uses fixed 0.79 USD factor
Cooper's Hawk Almond Sparkling,Sparkling wine blend,Not published,Not published,Sweet Sparkling,£15.79 per bottle,Sparkling,"Almond, lemon, biscotti, maraschino cherry, baking spices","Sweet sparkling wine combining bright bubbles with almond-cookie, cherry, citrus, and baking-spice flavors.",Not published,Not published,Current,Sparkling,True,$19.99,Current menu,https://chwinery.com/wine/catalog/almond,Official Cooper's Hawk wine/menu page,Verified / normalized,Original Cooper’s Hawk catalog entry; no additional notes; stock and listed availability not independently verified; GBP estimate uses fixed 0.79 USD factor
Cooper's Hawk Raspberry Sparkling,Sparkling white wine with raspberry flavoring,Not published,Not published,Sweet Sparkling,£15.79 per bottle,Sparkling,"Raspberry, lemon, pink flowers, red apple","Bright sparkling wine with juicy raspberry, citrus, floral notes, and red-apple character.",Not published,Not published,Current,Sparkling,True,$19.99,Current menu,https://chwinery.com/wine/catalog/raspberry,Official Cooper's Hawk wine/menu page,Verified / normalized,Original Cooper’s Hawk catalog entry; no additional notes; stock and listed availability not independently verified; GBP estimate uses fixed 0.79 USD factor
Cooper's Hawk Scarletto,Sweet sparkling red blend,Not published,Not published,Sweet Sparkling,£15.79 per bottle,Sparkling Red,"Strawberry, raspberry, rose petals, cherry, cranberry, cinnamon","Fruity sweet sparkling red with strawberry, raspberry, floral notes, and gentle spice.",Not published,Not published,Current,Core Portfolio,True,$19.99,Current menu,https://chwinery.com/wine/catalog/ch-scarletto,Official Cooper's Hawk wine/menu page,Verified / normalized,Original Cooper’s Hawk catalog entry; no additional notes; stock and listed availability not independently verified; GBP estimate uses fixed 0.79 USD factor
Cooper's Hawk Sweet Red,Concord,USA,New York State,Sweet & Fruity,£15.00 per bottle,Red,"Concord grape, grape jelly, vanilla, roses, cherry","Fresh sweet red built around nostalgic Concord grape, cherry, floral, and vanilla flavors.",Not published,Not published,Current,Sweet / Dessert,True,$18.99,Current menu,https://chwinery.com/wine/catalog/sweet-red,Official Cooper's Hawk wine/menu page,Verified / normalized,Original Cooper’s Hawk catalog entry; no additional notes; stock and listed availability not independently verified; GBP estimate uses fixed 0.79 USD factor
Cooper's Hawk Romance Red,Concord,USA,New York State,Sweet & Fruity,£15.00 per bottle,Red,"Concord grape, maraschino cherry, vanilla, roses, baking spices","Sweet, fruit-forward Concord red with cherry, vanilla, floral notes, and spice.",Not published,Not published,Current,Core Portfolio,True,$18.99,Current menu,https://chwinery.com/wine/catalog/romance-red,Official Cooper's Hawk wine/menu page,Verified / normalized,Original Cooper’s Hawk catalog entry; no additional notes; stock and listed availability not independently verified; GBP estimate uses fixed 0.79 USD factor
Cooper's Hawk Vin Chocolat Noir,Red wine with cocoa flavoring,Not published,Not published,Sweet & Rich,£14.21 per bottle,Red,"Chocolate, vanilla, raspberry, pink cherry, blackberry","Sweet red wine with cocoa, berry, vanilla, and chocolate-forward flavors.",Not published,Not published,Current,Sweet / Dessert,True,$17.99,Current menu,https://chwinery.com/wine/catalog/vin-chocolat-noir,Official Cooper's Hawk wine/menu page,Verified / normalized,Original Cooper’s Hawk catalog entry; no additional notes; stock and listed availability not independently verified; GBP estimate uses fixed 0.79 USD factor
Cooper's Hawk Vin Chocolat Almond,Red wine with chocolate and almond flavoring,Not published,Not published,Sweet & Rich,£14.21 per bottle,Red,"Chocolate, almond, red fruit",Sweet red wine combining chocolate character with a distinct almond note.,Not published,Not published,Current,Sweet / Dessert,True,$17.99,Current menu,https://chwinery.com/menus/wine-in-tasting-room,Official Cooper's Hawk wine/menu page,Verified / normalized,"On tasting-room menu, but not individually indexed in the main wine-portfolio page.; stock and listed availability not independently verified; GBP estimate uses fixed 0.79 USD factor"
Cooper's Hawk Lux Ice Wine (375 ml),Ice wine grapes,Not published,Not published,Dessert Sweet,£23.69 per bottle,Dessert,"Mango, peach, honey, white flowers, lemon candy","Rich dessert wine made from frozen grapes, with concentrated tropical fruit, peach, honey, and floral flavors.",Not published,Not published,Current,Sweet / Dessert,True,$29.99,Current menu,https://chwinery.com/wine/catalog/ice-wine,Official Cooper's Hawk wine/menu page,Verified / normalized,375 mL bottle; conversion preserves uploaded SourcePriceUSD.; stock and listed availability not independently verified; GBP estimate uses fixed 0.79 USD factor
Cooper's Hawk Nightjar (375 ml),Port-style red blend,Not published,Not published,Dessert Rich,£19.74 per bottle,Dessert,"Blueberry, black cherry, cocoa, dried black fruit, nuts","Rich, velvety port-style dessert wine with dark fruit, cocoa, and nutty flavors.",Not published,Not published,Current,Sweet / Dessert,True,$24.99,Current menu,https://chwinery.com/wine/catalog/night-jar,Official Cooper's Hawk wine/menu page,Verified / normalized,Original Cooper’s Hawk catalog entry; no additional notes; stock and listed availability not independently verified; GBP estimate uses fixed 0.79 USD factor
Cooper's Hawk Blueberry,Blueberry fruit wine,USA,Midwest,Sweet & Fruity,£14.21 per bottle,Fruit Wine,"Blueberry, black cherry, blackberry, plum, baking spices","Rich fruit wine made from blueberries with dark berry, plum, and baking-spice flavors.",Not published,Not published,Current,Core Portfolio,True,$17.99,Current menu,https://chwinery.com/wine/catalog/blueberry,Official Cooper's Hawk wine/menu page,Verified / normalized,Original Cooper’s Hawk catalog entry; no additional notes; stock and listed availability not independently verified; GBP estimate uses fixed 0.79 USD factor
Cooper's Hawk Passion Fruit,"Passion fruit, tangerine & apple juice",Not published,Not published,Sweet & Tropical,£14.21 per bottle,Fruit Wine,"Passion fruit, orange, grapefruit, red apple, white flowers","Tropical fruit wine with passion fruit, citrus, apple, and floral aromatics.",Not published,Not published,Current,Core Portfolio,True,$17.99,Current menu,https://chwinery.com/wine/catalog/passion-fruit,Official Cooper's Hawk wine/menu page,Verified / normalized,Original Cooper’s Hawk catalog entry; no additional notes; stock and listed availability not independently verified; GBP estimate uses fixed 0.79 USD factor
Cooper's Hawk Rhubarb,Rhubarb fruit wine,Not published,Not published,Sweet & Tart,£14.21 per bottle,Fruit Wine,"Rhubarb, tart red fruit","Fruit wine centered on the bright, sweet-tart character of rhubarb.",Not published,Not published,Current,Core Portfolio,True,$17.99,Current menu,https://chwinery.com/menus/wine-in-tasting-room,Official Cooper's Hawk wine/menu page,Verified / normalized,"On tasting-room menu, but not individually indexed in the main wine-portfolio page.; stock and listed availability not independently verified; GBP estimate uses fixed 0.79 USD factor"
Cooper's Hawk White Sangria,White wine with fruit concentrates,Not published,Not published,Fruity Sangria,£14.21 per bottle,Sangria,"Passion fruit, apricot, tangerine, apple, pineapple","Fruit-forward white sangria with tropical fruit, stone fruit, citrus, and apple flavors.",Not published,Not published,Current,Seasonal / Specialty,True,$17.99,Current menu,https://chwinery.com/wine/catalog/sangria-white,Official Cooper's Hawk wine/menu page,Verified / normalized,Original Cooper’s Hawk catalog entry; no additional notes; stock and listed availability not independently verified; GBP estimate uses fixed 0.79 USD factor
Cooper's Hawk Red Sangria,"Red wine with tangerine, passion fruit, apple & lemon concentrates",Not published,Not published,Fruity Sangria,£14.21 per bottle,Sangria,"Blueberry, orange, cherry, red apple, lemon","Classic red sangria with blueberry, cherry, citrus, and red-apple flavors.",Not published,Not published,Current,Seasonal / Specialty,True,$17.99,Current menu,https://chwinery.com/wine/catalog/sangria-red,Official Cooper's Hawk wine/menu page,Verified / normalized,Original Cooper’s Hawk catalog entry; no additional notes; stock and listed availability not independently verified; GBP estimate uses fixed 0.79 USD factor
Cooper's Hawk Blood Orange Pineapple Bubbly Sangria,Sparkling sangria blend,Not published,Not published,Fruity Sparkling,£15.00 per bottle,Sangria,"Blood orange, pineapple, citrus, tropical fruit",Sparkling sangria with blood orange and pineapple in a bright tropical style.,Not published,Not published,Current,Seasonal / Specialty,True,$18.99,Current menu,https://chwinery.com/menus/wine-in-tasting-room,Official Cooper's Hawk wine/menu page,Verified / normalized,Original Cooper’s Hawk catalog entry; no additional notes; stock and listed availability not independently verified; GBP estimate uses fixed 0.79 USD factor
Cooper's Hawk Mango Dragonfruit Spritzy Sangria,Spritzy sangria blend,Not published,Not published,Fruity & Spritzy,£16.58 per bottle,Sangria,"Mango, dragon fruit, tropical fruit",Lightly sparkling sangria with mango and dragon-fruit flavors.,Not published,Not published,Current,Seasonal / Specialty,True,$20.99,Current menu,https://chwinery.com/menus/wine-in-tasting-room,Official Cooper's Hawk wine/menu page,Verified / normalized,Original Cooper’s Hawk catalog entry; no additional notes; stock and listed availability not independently verified; GBP estimate uses fixed 0.79 USD factor
Cooper's Hawk Strawberry Rhubarb Spritzy Sangria,Spritzy sangria blend,Not published,Not published,Fruity & Spritzy,£16.58 per bottle,Sangria,"Strawberry, rhubarb, red fruit",Lightly sparkling sangria balancing ripe strawberry with tart rhubarb.,Not published,Not published,Current,Seasonal / Specialty,True,$20.99,Current menu,https://chwinery.com/menus/wine-in-tasting-room,Official Cooper's Hawk wine/menu page,Verified / normalized,Original Cooper’s Hawk catalog entry; no additional notes; stock and listed availability not independently verified; GBP estimate uses fixed 0.79 USD factor
Cooper's Hawk Orchard Harvest,"Muscat (Moscato) with peach, nectarine & apricot flavors",USA,California,Sweet & Aromatic,£15.79 per bottle,White / Specialty,"Apricot, nectarine, peach, orange blossom, yellow plum",Member-exclusive seasonal Muscat-based sweet wine with fragrant orchard-fruit flavors.,Not published,Not published,Current,Wine Club Member Exclusives,False,$19.99,Official shop/menu listing; GBP converted at legacy 0.79,https://shop.coopershawkwinery.com/orchard-harvest-wine,Official Cooper's Hawk wine/shop page,Official listing / normalized,Listing context: Current – members only; stock and listed availability not independently verified; GBP estimate uses fixed 0.79 USD factor
Cooper's Hawk 21st Anniversary Red Magnum (1.5 L),International red blend,Not published,California and Portugal,Full-Bodied,Not published,Red,"Black plum, boysenberry, raspberry, pepper, fresh herbs","Bold and savory limited-edition dry red blend, offered as an anniversary magnum.",Not published,Not published,Current,Wine of the Month / Oct 2026,False,Not published,Not publicly listed,https://chwinery.com/wine/catalog/21-anniversary-red-magnum,Official Cooper's Hawk wine/shop page,Official listing / normalized,1.5 L member release; public standard bottle price not confirmed. | Listing context: Current – members only; stock and listed availability not independently verified
Cooper's Hawk 21st Anniversary Sweet Red Magnum (1.5 L),Sweet red blend,Not published,Not published,Sweet & Fruity,Not published,Red,"Cherry, blueberry jam, raspberry pie, baking spices, cherry blossom","Sweet anniversary magnum bursting with red berries, jam, baking spice and floral notes.",Not published,Not published,Current,Wine of the Month / Oct 2026,False,Not published,Not publicly listed,https://chwinery.com/wine/catalog/21-anniversary-sweet-red-magnum,Official Cooper's Hawk wine/shop page,Official listing / normalized,1.5 L member release; public standard bottle price not confirmed. | Listing context: Current – members only; stock and listed availability not independently verified
Cooper's Hawk Watermelon Paloma,"Agave wine, grapefruit & lime juice, watermelon flavor",Not published,Not published,Sweet & Tart,£16.58 per bottle,Wine Cocktail,"Grapefruit, lime, honey, watermelon, agave",Refreshing ready-to-drink agave-wine Paloma with tart citrus and watermelon.,Not published,Not published,Current,Seasonal / Specialty,True,$20.99,Official shop/menu listing; GBP converted at legacy 0.79,https://chwinery.com/wine/catalog/watermelon-paloma,Official Cooper's Hawk wine/shop page,Official listing / normalized,Listing context: Seasonal / shop listed; stock and listed availability not independently verified; GBP estimate uses fixed 0.79 USD factor
Cooper's Hawk Summer Berry Spritzy Sangria,Spritzy sangria blend,Not published,Not published,Fruity & Spritzy,£16.58 per bottle,Sangria,"Blackberry, raspberry, huckleberry, blueberry, black raspberry",Crisp lightly sparkling sangria featuring a mix of summer berry flavors.,Not published,Not published,Current,Seasonal / Specialty,True,$20.99,Official shop/menu listing; GBP converted at legacy 0.79,https://chwinery.com/wine/catalog/summer-berry-spritzy-sangria,Official Cooper's Hawk wine/shop page,Official listing / normalized,Listing context: Seasonal / shop listed; stock and listed availability not independently verified; GBP estimate uses fixed 0.79 USD factor
Cooper's Hawk Lite+Bright White,Sauvignon Blanc,France,Not published,Light & Crisp,£15.00 per bottle,White,"Grapefruit, grass, lemon, green apple, fresh herbs",Lower-alcohol French Sauvignon Blanc with zesty citrus and herbal notes.,9%,Not published,Current,Core Portfolio,True,$18.99,Official shop/menu listing; GBP converted at legacy 0.79,https://chwinery.com/wine/catalog/lite-bright-white,Official Cooper's Hawk wine/shop page,Official listing / normalized,Listing context: Current – shop listed; stock and listed availability not independently verified; GBP estimate uses fixed 0.79 USD factor
Cooper's Hawk Lux Sauvignon Blanc,Sauvignon Blanc,USA,"Napa Valley, California",Full-Bodied,£23.69 per bottle,White,"Green apple, lemon custard, guava, passion fruit, grapefruit","Creamy, layered Napa Valley Sauvignon Blanc with ripe fruit and gentle toast.",Not published,Not published,Current,Core Portfolio,True,$29.99,Official shop/menu listing; GBP converted at legacy 0.79,https://chwinery.com/wine/catalog/coopers-hawk-lux-sauvignon-blanc,Official Cooper's Hawk wine/shop page,Official listing / normalized,Listing context: Current – shop listed; stock and listed availability not independently verified; GBP estimate uses fixed 0.79 USD factor
Cooper's Hawk Lite+Bright Red,Merlot,France,Not published,Light-Bodied,£15.79 per bottle,Red,"Coffee, fresh herbs, raspberry, cranberry, pomegranate",Lower-alcohol French Merlot with bright red-fruit and savory notes.,9%,Not published,Current,Core Portfolio,True,$19.99,Official shop/menu listing; GBP converted at legacy 0.79,https://chwinery.com/wine/catalog/lite-bright-red,Official Cooper's Hawk wine/shop page,Official listing / normalized,Listing context: Current – shop listed; stock and listed availability not independently verified; GBP estimate uses fixed 0.79 USD factor
Cooper's Hawk CHMX,"58% Cabernet Sauvignon, 25% Durif, 7% Merlot, 10% Petit Verdot",Mexico,Baja,Full-Bodied,£21.32 per bottle,Red,"Coffee, black cherry, blackberry jam, cedar, dried herbs","Cabernet-led Mexican red with dark fruit, cedar, roasted notes and a bold structure.",Not published,Not published,Current,Core Portfolio,True,$26.99,Official shop/menu listing; GBP converted at legacy 0.79,https://chwinery.com/wine/catalog/chmx,Official Cooper's Hawk wine/shop page,Official listing / normalized,Listing context: Current – shop listed; stock and listed availability not independently verified; GBP estimate uses fixed 0.79 USD factor
Cooper's Hawk Curated Icons Chardonnay,Chardonnay,USA,"Carneros, California",Rich & Creamy,£51.34 per bottle,White,"Golden apple, Meyer lemon, pineapple, hazelnut, cream",Cakebread Cellars collaboration Chardonnay with orchard fruit and creamy yet bright acidity.,Not published,Not published,Current,Iconic / Signature Reserve,True,$64.99,Official shop/menu listing; GBP converted at legacy 0.79,https://chwinery.com/wine/catalog/chardonnay-created-in-partnership-with-napa-legend-cakebread-cellars,Official Cooper's Hawk wine/shop page,Official listing / normalized,Listing context: Current – shop listed; stock and listed availability not independently verified; GBP estimate uses fixed 0.79 USD factor
Cooper's Hawk Vivanté! Bubbly Blanc,Grape and citrus juice blend,Italy,Not published,Crisp & Sparkling,£15.79 per bottle,Non-Alcoholic,"Lemon, green apple, lime candy, grapefruit, citrus blossom",Alcohol-free sparkling grape and citrus beverage with refreshing citrus and apple notes.,Not published,Not published,Out of Stock,Non/Low Alcoholic,False,$19.99,Official shop/menu listing; GBP converted at legacy 0.79,https://chwinery.com/wine/catalog/vivant%C3%A9,Official Cooper's Hawk wine/shop page,Official listing / normalized,Wine portfolio lists it but Shop all Wine marked Vivanté! Wine out of stock. Confirm exact SKU identity before enabling. | Listing context: Out of stock – online shop; stock and listed availability not independently verified; GBP estimate uses fixed 0.79 USD factor
Cooper's Hawk Vivanté! Peach,Grape and citrus juice blend,Italy,Not published,Fruity & Sparkling,£15.79 per bottle,Non-Alcoholic,"Peach, lemon, Bellini, nectarine, peach blossom",Alcohol-free sparkling peach beverage with floral and citrus notes.,Not published,Not published,Current,Non/Low Alcoholic,False,$19.99,Official shop/menu listing; GBP converted at legacy 0.79,https://chwinery.com/wine/catalog/coopers-hawk-vivant%C3%A9-peach,Official Cooper's Hawk wine/shop page,Official listing / normalized,Listing context: Current – shop listed; stock and listed availability not independently verified; GBP estimate uses fixed 0.79 USD factor
Cooper's Hawk Vivanté! Strawberry Elderflower,Grape and citrus juice blend,Italy,Not published,Fruity & Floral,£15.79 per bottle,Non-Alcoholic,"Strawberry jam, roses, strawberry, elderflower, pink lemonade",Alcohol-free floral sparkling drink with strawberry and elderflower.,Not published,Not published,Current,Non/Low Alcoholic,False,$19.99,Official shop/menu listing; GBP converted at legacy 0.79,https://chwinery.com/wine/catalog/coopers-hawk-vivant%C3%A9-strawberry-elderflower,Official Cooper's Hawk wine/shop page,Official listing / normalized,Listing context: Current – shop listed; stock and listed availability not independently verified; GBP estimate uses fixed 0.79 USD factor
Cooper's Hawk Cranberry,Cranberry fruit wine,Not published,Not published,Sweet & Tart,£14.21 per bottle,Fruit Wine,"Pomegranate, cranberry, cherry, mandarin orange, gingerbread",Sweet-tart cranberry fruit wine with red-fruit citrus and spice.,Not published,Not published,Current,Seasonal / Specialty,True,$17.99,Official shop/menu listing; GBP converted at legacy 0.79,https://chwinery.com/wine/catalog/cranberry,Official Cooper's Hawk wine/shop page,Official listing / normalized,Listing context: Seasonal / tasting room listed; stock and listed availability not independently verified; GBP estimate uses fixed 0.79 USD factor
Cooper's Hawk Carménère Cabernet,Carménère & Cabernet Sauvignon,Chile,Not published,Full-Bodied,£22.90 per bottle,Red,"Black currant, blackberry, dark chocolate, savory herbs","Chilean Cabernet and Carménère blend with dark berries, chocolate and savory accents.",Not published,Not published,Previous,Previous Wines of the Month,False,$28.99,Official shop/menu listing; GBP converted at legacy 0.79,https://chwinery.com/wine/catalog/carmenere-cabernet,Official Cooper's Hawk wine/shop page,Official listing / normalized,Shop wine-club exclusives has an older listing; not guaranteed at all restaurants. | Listing context: Previous Wine of the Month; stock and listed availability not independently verified; GBP estimate uses fixed 0.79 USD factor
Cooper's Hawk Les Petites,Petit Verdot & Petite Sirah,Not published,Not published,Full-Bodied,£23.69 per bottle,Red,"Black cherry, violets, blackberry pie, currant jam, dark chocolate","Dark concentrated red blend with berry preserves, floral accents and cocoa.",Not published,Not published,Previous,Previous Wines of the Month,False,$29.99,Official shop/menu listing; GBP converted at legacy 0.79,https://chwinery.com/wine/catalog/les-petites,Official Cooper's Hawk wine/shop page,Official listing / normalized,Listing context: Previous Wine of the Month; stock and listed availability not independently verified; GBP estimate uses fixed 0.79 USD factor
Cooper's Hawk Gold Rush,Cabernet Sauvignon blend,USA,California,Full-Bodied,£23.69 per bottle,Red,"Black cherry, violets, black plum, pepper, blueberry jam",Opulent Cabernet-led California red with bold berry fruit and pepper.,Not published,Not published,Previous,Previous Wines of the Month,False,$29.99,Official shop/menu listing; GBP converted at legacy 0.79,https://chwinery.com/wine/catalog/gold-rush,Official Cooper's Hawk wine/shop page,Official listing / normalized,Listing context: Previous Wine of the Month; stock and listed availability not independently verified; GBP estimate uses fixed 0.79 USD factor
Cooper's Hawk Vinho Verde,Alvarinho,Portugal,Not published,Light & Crisp,£22.11 per bottle,White,"Red apple, lime, lemon, grapefruit, apple blossom","Fresh Portuguese white with citrus, apple blossom and a light natural spritz.",Not published,Not published,Previous,Previous Wines of the Month,False,$27.99,Official shop/menu listing; GBP converted at legacy 0.79,https://chwinery.com/wine/catalog/vinho-verde,Official Cooper's Hawk wine/shop page,Official listing / normalized,Listing context: Previous Wine of the Month; stock and listed availability not independently verified; GBP estimate uses fixed 0.79 USD factor
Cooper's Hawk Blanc de Noirs,Blanc de Noirs blend,France,Not published,Light & Aromatic,£22.11 per bottle,White,"White peach, white strawberry, red apple, lemon peel, white flowers","Pale, expressive French wine with white-fruit and floral aromatics.",Not published,Not published,Previous,Previous Wines of the Month,False,$27.99,Official shop/menu listing; GBP converted at legacy 0.79,https://chwinery.com/wine/catalog/blanc-de-noirs,Official Cooper's Hawk wine/shop page,Official listing / normalized,Grape varieties not given on official catalog page. | Listing context: Previous Wine of the Month; stock and listed availability not independently verified; GBP estimate uses fixed 0.79 USD factor
Cooper's Hawk Franc,Cabernet Franc,France,Not published,Medium-Bodied,£19.95 per bottle,Red,"Blackberry, black cherry, fresh herbs, dark chocolate, vanilla","Silky French Cabernet Franc featuring dark berries, herbs and chocolate.",Not published,Not published,Previous,Previous Wines of the Month,False,$25.25,Official shop/menu listing; GBP converted at legacy 0.79,https://chwinery.com/wine/catalog/franc,Official Cooper's Hawk wine/shop page,Official listing / normalized,Listing context: Previous Wine of the Month; stock and listed availability not independently verified; GBP estimate uses fixed 0.79 USD factor
Cooper's Hawk Camille Magnificent,"45% Sangiovese, 30% Merlot, 15% Syrah, 10% Cabernet Franc",Italy,Tuscany,Full-Bodied,£47.39 per bottle,Red,"Dried cherry, blackberry, savory herbs, leather, earthy baking spices","Rich Tuscan Camille red blend with ripe berries, earthy spice and leather.",Not published,2022,Current,Iconic / Camille,True,$59.99,Official shop/menu listing; GBP converted at legacy 0.79,https://shop.coopershawkwinery.com/camille-magnificent-wine,Official Cooper's Hawk wine/shop page,Official listing / normalized,Listing context: Current – shop listed; stock and listed availability not independently verified; GBP estimate uses fixed 0.79 USD factor
Cooper's Hawk Camille Brilliant Champagne,"70% Pinot Noir, 20% Chardonnay, 10% Meunier",France,"Côte de Bar, Champagne",Rich & Sparkling,£47.39 per bottle,Sparkling,"Apple cider, preserved lemon, brioche, cream","Traditional Champagne from the Camille series, aged three years, with rich orchard and brioche notes.",Not published,Not published,Current,Iconic / Camille,True,$59.99,Official shop/menu listing; GBP converted at legacy 0.79,https://shop.coopershawkwinery.com/camille-brilliant-champagne,Official Cooper's Hawk wine/shop page,Official listing / normalized,Listing context: Current – shop listed; stock and listed availability not independently verified; GBP estimate uses fixed 0.79 USD factor
Cooper's Hawk Barrel Reserve 2025,"69% Cabernet Sauvignon, 13% Merlot, 12% Petit Verdot, 3% Zinfandel, 3% Malbec",Not published,Not published,Full-Bodied,£31.59 per bottle,Red,"Blackberry, black currant, clove, dark chocolate, roasted coffee",Barrel-aged limited red blend with polished tannins and concentrated dark fruit.,Not published,2025,Current,Reserve / Limited,True,$39.99,Official shop/menu listing; GBP converted at legacy 0.79,https://shop.coopershawkwinery.com/barrel-reserve-2025-wine,Official Cooper's Hawk wine/shop page,Official listing / normalized,Listing context: Current – shop listed; stock and listed availability not independently verified; GBP estimate uses fixed 0.79 USD factor
Cooper's Hawk Blood Orange Pineapple Spritzy Sangria,"White wine, blood orange, pineapple & fruit concentrates",Not published,Not published,Fruity & Spritzy,£16.58 per bottle,Sangria,"Blood orange, pineapple, tangerine, lemon, passion fruit",Gently sparkling tropical white sangria with blood-orange and pineapple juice.,Not published,Not published,Current,Seasonal / Specialty,True,$20.99,Official shop/menu listing; GBP converted at legacy 0.79,https://shop.coopershawkwinery.com/blood-orange-pineapple-spritzy-sangria-wine,Official Cooper's Hawk wine/shop page,Official listing / normalized,Listed separately from the older Blood Orange Pineapple Bubbly Sangria on current official pages. | Listing context: Seasonal / shop listed; stock and listed availability not independently verified; GBP estimate uses fixed 0.79 USD factor
Cooper's Hawk Winter Red,Red wine with mulling spices and orange peel,Not published,Not published,Sweet & Spiced,£13.42 per bottle,Red,"Red apple, plum, clove, cinnamon, orange peel",Spiced red wine intended for warming or drinking cool during winter.,Not published,Not published,Current,Seasonal / Specialty,True,$16.99,Official shop/menu listing; GBP converted at legacy 0.79,https://shop.coopershawkwinery.com/Winter-Red.html,Official Cooper's Hawk wine/shop page,Official listing / normalized,Listing context: Seasonal / shop listed; stock and listed availability not independently verified; GBP estimate uses fixed 0.79 USD factor
Cooper's Hawk Winter White,White wine with mulling spices and orange peel,Not published,Not published,Sweet & Spiced,£13.42 per bottle,White,"Baked pear, yellow apple, clove, nutmeg, orange peel","Aromatic spiced winter white based on white wine, warming spices and citrus peel.",Not published,Not published,Current,Seasonal / Specialty,True,$16.99,Official shop/menu listing; GBP converted at legacy 0.79,https://chwinery.com/menus/wine-in-tasting-room,Official Cooper's Hawk wine/shop page,Official listing / normalized,Listing context: Seasonal / tasting room listed; stock and listed availability not independently verified; GBP estimate uses fixed 0.79 USD factor
Cooper's Hawk Blueberry Açaí Bubbly Sangria,"Red wine, blueberry, açaí & other fruit concentrates",Not published,Not published,Fruity & Sparkling,£15.00 per bottle,Sangria,"Blueberry, açaí, tangerine, apple, passion fruit","Sweet, carbonated berry sangria with notes of blueberry, açaí and citrus.",Not published,Not published,Current,Seasonal / Specialty,True,$18.99,Official shop/menu listing; GBP converted at legacy 0.79,https://shop.coopershawkwinery.com/Blueberry-Acai-Bubbly-Sangria.html,Official Cooper's Hawk wine/shop page,Official listing / normalized,Listing context: Current – tasting room / shop page; stock and listed availability not independently verified; GBP estimate uses fixed 0.79 USD factor
Cooper's Hawk Raspberry Peach Spritzy Sangria,Fruit-flavored spritzy sangria,Not published,Not published,Fruity & Spritzy,£15.79 per bottle,Sangria,"Raspberry, peach, sparkling fruit",Member-exclusive spritzy sangria with sweet peach and raspberry flavors.,Not published,Not published,Previous,Previous Wine Club Exclusives,False,$19.99,Official shop/menu listing; GBP converted at legacy 0.79,https://shop.coopershawkwinery.com/Wine/Exclusive-Wine-Club/,Official Cooper's Hawk wine/shop page,Product name and shop price verified; fuller blend not specified,Description derived from product name; do not assume specific grape blend. | Listing context: Previous / club-shop listed; stock and listed availability not independently verified; GBP estimate uses fixed 0.79 USD factor
Cooper's Hawk Orange Muscat,Orange Muscat,Not published,Not published,Lightly Sweet & Aromatic,£21.32 per bottle,White,"Orange blossom, peach, honeysuckle, Meyer lemon","Fragrant, lightly sweet Muscat variety featuring blossom, stone fruit and lemon.",Not published,Not published,Previous,Previous Wine Club Exclusives,False,$26.99,Official shop/menu listing; GBP converted at legacy 0.79,https://shop.coopershawkwinery.com/orange-muscat-wine,Official Cooper's Hawk wine/shop page,Official listing / normalized,Listing context: Previous / club-shop listed; stock and listed availability not independently verified; GBP estimate uses fixed 0.79 USD factor
Cooper's Hawk Black Muscat,Black Muscat (Muscat Hamburg),Not published,Not published,Lightly Sweet & Aromatic,£15.79 per bottle,Red,"Red grape, strawberry jam, peach, rose petals, honey",Ruby-toned aromatic Muscat red with bright fruity sweetness and florals.,Not published,Not published,Previous,Previous Wine Club Exclusives,False,$19.99,Official shop/menu listing; GBP converted at legacy 0.79,https://shop.coopershawkwinery.com/black-muscat-wine,Official Cooper's Hawk wine/shop page,Official listing / normalized,Listing context: Previous / club-shop listed; stock and listed availability not independently verified; GBP estimate uses fixed 0.79 USD factor
Cooper's Hawk Global Cuvée,"Merlot blend from France, Italy, Australia, Chile & California",Multiple,"France, Italy, Australia, Chile, California",Medium to Full-Bodied,£24.48 per bottle,Red,"Blackberry, plum, black cherry, cocoa, coffee, vanilla, spice","International Merlot blend with warm fruit, cocoa, spice and velvety tannins.",Not published,Not published,Previous,Previous Wine Club Exclusives,False,$30.99,Official shop/menu listing; GBP converted at legacy 0.79,https://shop.coopershawkwinery.com/Wine/Exclusive-Wine-Club/global-cuvee-wine,Official Cooper's Hawk wine/shop page,Official listing / normalized,Listing context: Previous / club-shop listed; stock and listed availability not independently verified; GBP estimate uses fixed 0.79 USD factor
Cooper's Hawk 20th Anniversary Magnum Red (1.5 L),"Cabernet Sauvignon, Carménère, Malbec, Merlot, Syrah and Portuguese red varieties",Multiple,California and Portugal,Full-Bodied,£43.44 per bottle,Red,"Black plum, boysenberry, raspberry, pepper, wild herbs",Earlier member anniversary magnum combining California and Portuguese red varieties.,Not published,Not published,Previous,Previous Wine Club Exclusives,False,$54.99,Official shop/menu listing; GBP converted at legacy 0.79,https://shop.coopershawkwinery.com/20th-anniversary-magnum-red-wine,Official Cooper's Hawk wine/shop page,Official listing / normalized,Historic 20th Anniversary listing; kept separate from 21st Anniversary October 2026 release. | Listing context: Previous / club-shop listed; stock and listed availability not independently verified; GBP estimate uses fixed 0.79 USD factor
Cooper's Hawk Padma Lakshmi Pinot Noir,Pinot Noir,France,Not published,Light to Medium-Bodied,£22.90 per bottle,Red,"Red cherry, raspberry, cranberry, cedar, spice, earthy mushroom","French Pinot Noir collaboration with bright fruit, woodsy earth and spice.",Not published,Not published,Previous,Previous Wine Club Exclusives,False,$28.99,Official shop/menu listing; GBP converted at legacy 0.79,https://shop.coopershawkwinery.com/padma-red-wine,Official Cooper's Hawk wine/shop page,Official listing / normalized,Listing context: Previous / club-shop listed; stock and listed availability not independently verified; GBP estimate uses fixed 0.79 USD factor
